:100200000C94510C0C94790C0C94790C0C94790C82
:100210000C94790C0C94790C0C94790C0C94790C4A
:100220000C94790C0C94790C0C94790C0C94790C3A
:100230000C94790C0C94790C0C94D9460C947C4752
:100240000C94790C0C94AB460C9485460C94790C68
:100250000C94790C0C94790C0C94790C0C94790C0A
:100260000C94790C0C945D460C94790C0C94790CDC
:100270000C94790C0C94790C0C94790C0C94790CEA
:100280000C94790C0C94790C0C94790C0C94790CDA
:100290000C94790C0C94790C0C94790C0C94790CCA
:1002A00000000000000000002B2B6164647220330A
:1002B0000A2B2B6175746F20300A4D330A002B2BEB
:1002C0006164647220390A2B2B6175746F20320AC5
:1002D0002A5253540A3A66756E632027766F6C74FF
:1002E0003A616327003F202D204D656E7500312057
:1002F0002D205365742049502061646472657373C6
:10030000004552524F52202D20436F6D6D616E6437
:1003100020627566666572206F766572666C6F77AF
:1003200021005472616E736D6974206661696C6539
:10033000642100496E76616C696420706172616D40
:1003400065746572004D697373696E6720706172C0
:10035000616D657465720020616E64200056616C89
:1003600069642072616E67652069732062657477C5
:1003700065656E2000756E7365740053454320619A
:100380006464726573732073657420746F3A20001F
:1003900050524920616464726573732073657420E0
:1003A000746F3A200043616E6E6F742061646472F2
:1003B0006573732074686520636F6E74726F6C6C04
:1003C00065722100206D696C6C697365636F6E6482
:1003D0007300536574205B726561645F746D6F5F59
:1003E0006D735D20746F3A200053657420454F5340
:1003F00020746F3A200053657420454F4920617383
:1004000073657274696F6E3A2000496E7465726626
:10041000616365206D6F64652073657420746F3A45
:100420002000417070656E64696E67206F662045BC
:100430004F54206368617261637465723A200045AD
:100440004F542073657420746F20415343494920F1
:100450006368617261637465723A20004175746FFC
:10046000206D6F64653A200020202020202020206D
:10047000202761646472657373656420746F2074EF
:10048000616C6B20627574206E6F7468696E672092
:10049000746F2073617927206572726F72730057D1
:1004A00041524E494E473A206175746F6D6F6465D5
:1004B000204F4E2063616E20636175736520736FFA
:1004C0006D65206465766963657320746F20676568
:1004D0006E65726174650041523438382047504966
:1004E0004220636F6E74726F6C6C65722C2076653F
:1004F000722E20302E35332E33392C2032392F30C6
:10050000312F32303236004152343838204750498A
:100510004220636F6E74726F6C6C65722C2076650E
:10052000722E20302E35332E33392C2032392F3095
:10053000312F3230323600526561645E4F4B0046D7
:1005400061696C656420746F2073656E6420534428
:1005500043004661696C656420746F2073656E6446
:10056000204C4C4F21004661696C656420746F20FB
:1005700073656E6420756E6976657273616C204C6C
:100580004C4F2E004661696C656420746F20736562
:100590006E64204C4F432100494643207369676EC7
:1005A000616C20617373657274656420666F72207C
:1005B000313530206D6963726F7365636F6E64737C
:1005C0000047726F75702074726967676572206387
:1005D0006F6D706C657465642E004661696C65644E
:1005E00020746F207472696767657220646576692C
:1005F000636521005265736574204641494C45444A
:100600002E0053657269616C20706F6C6C20636F93
:100610006D706C657465642E004661696C6564205C
:10062000746F207265747269657665207374617485
:10063000757320627974652066726F6D20005D208D
:1006400066726F6D206465766963652061742061F0
:100650006464726573733A200052656365697665F8
:1006600064207374617475732062797465205B0013
:100670002C005352513A0053657269616C20706FBF
:100680006C6C206F6620616C6C20646576696365B4
:1006900073207265717565737465642E2E2E005318
:1006A000657474696E67732073617665642E004C9F
:1006B0004F4E3A20002B2B004E6F7420666F756EE4
:1006C000642E00457874656E646564206375737488
:1006D0006F6D20636F6D6D616E6473203E0A617390
:1006E000706F6C6C3A0953657269616C20706F6C45
:1006F0006C20616C6C20696E737472756D656E74BC
:10070000732028616C696173203D202B2B73706FFF
:100710006C6C20616C6C290A64636C3A090953653E
:100720006E6420756E6164647265737365642028FD
:10073000616C6C292064657669636520636C656112
:100740007220205B706F776572206F6E2072657308
:1007500065745D2028697320746865207273743F26
:10076000290A64656661756C743A0953657420637F
:100770006F6E66696775726174696F6E20746F2041
:10078000636F6E74726F6C6C657220646566617500
:100790006C742073657474696E67730A666C616744
:1007A000733A0909446973706C61792068616E64F9
:1007B0006873616B696E6720666C616773202D20BA
:1007C00062697473203020312026203220636F6EDE
:1007D00074726F6C2052656164792C20526561647B
:1007E0004F6B20616E642053656E644F4B0A6964E1
:1007F0003A090953686F7720696E746572666163A0
:100800006520494420696E666F726D6174696F6E10
:10081000202D2073656520616C736F203E20276951
:1008200064206E616D65273B2027696420736572C3
:1008300069616C273B202769642076657273747246
:10084000270A6964206E616D653A0953686F772FD6
:1008500053657420746865206E616D65206F662035
:1008600074686520696E746572666163650A69649F
:100870002073657269616C3A0953686F772F53650D
:1008800074207468652073657269616C206E756D83
:10089000626572206F662074686520696E74657287
:1008A000666163650A6964207665727374723A09D9
:1008B00053686F772F53657420746865207665726E
:1008C00073696F6E20737472696E672073656E74DE
:1008D00020696E207265706C7920746F202B2B76E6
:1008E000657220652E672E2022475049422D5553B0
:1008F0004222292E204D61782034372063686172AE
:10090000732C20657863657373207472756E6361F0
:100910007465642E0A69646E3A0909456E61626CF9
:10092000652F44697361626C65207265706C792013
:10093000746F202A69646E3F202864697361626C59
:1009400065642062792064656661756C74290A6D3E
:100950006163726F3A090952756E2061206D61639F
:10096000726F20286966206D6163726F20737570E5
:10097000706F727420697320636F6D70696C656449
:10098000290A666E646C3A090946696E64206C69CE
:1009900073746E6572730A70706F6C6C3A090943F8
:1009A0006F6E64756374206120706172616C6C6538
:1009B0006C20706F6C6C0A72656E3A090941737332
:1009C000657274206F7220556E6173736572742046
:1009D0007468652052454E207369676E616C0A72B7
:1009E00065706561743A09526570656174206120B3
:1009F000676976656E20636F6D6D616E6420616EF0
:100A0000642072657475726E20726573756C740AF9
:100A100073656E643A090953656E6420746F2047EC
:100A200050494220616464726573733B20652E6790
:100A30002E202B2B73656E642032322C2A69646E53
:100A40003F0A736574767374723A0944455052458F
:100A50004341544544202D20736565206964207608
:100A600065727374720A7372716175746F3A0941B9
:100A700075746F6D61746963616C6C7920636F6EFE
:100A8000647563742073657269616C20706F6C6C3F
:100A9000207768656E20535251206973206173730B
:100AA00065727465640A7463743A09095369676E00
:100AB000616C2072656D6F7465206465766963652D
:100AC00020746F2074616B6520636F6E74726F6C3D
:100AD0000A746F6E3A090950757420636F6E7472F0
:100AE0006F6C6C657220696E2074616C6B2D6F6E1B
:100AF0006C79206D6F6465202873656E6420646175
:100B00007461206F6E6C79290A756E6C3A0909550B
:100B10006E6C697374656E20746865204750494235
:100B2000206275730A756E743A0909556E74616CAA
:100B30006B207468652047504942206275730A76BD
:100B40006572626F73653A09566572626F736520EC
:100B50002868756D616E207265616461626C6529DB
:100B6000206D6F64650A78646961673A09094275A6
:100B70007320646961676E6F73746963732028738F
:100B800065652074686520646F63290A0050726F80
:100B90006C6F67697820436F6D70617469626C6512
:100BA00020436F6D6D616E6473203E0A61646472F0
:100BB0003A0909446973706C61792F736574206414
:100BC000657669636520616464726573730A617533
:100BD000746F3A09094175746F6D61746963616C72
:100BE0006C7920726571756573742074616C6B200B
:100BF000616E64207265616420726573706F6E73DC
:100C0000650A636C723A090953656E642053656C1A
:100C100065637465642044657669636520436C652B
:100C2000617220746F2063757272656E7420475014
:100C3000494220616464726573730A656F693A0999
:100C400009456E61626C652F64697361626C652031
:100C5000617373657274696F6E206F6620454F49CA
:100C6000207369676E616C0A656F723A090953688F
:100C70006F77206F722073657420656E64206F66D5
:100C8000207265636569766520636861726163746B
:100C900065722873290A656F733A09095370656391
:100CA0006966792047504942207465726D696E61AA
:100CB00074696F6E206368617261637465720A653E
:100CC0006F745F636861723A095365742063686189
:100CD00072616374657220746F20617070656E64F8
:100CE00020746F20555342206F757470757420778F
:100CF00068656E20454F5420656E61626C65640ABC
:100D0000656F745F656E61626C653A09456E61621C
:100D10006C652F44697361626C6520617070656EEB
:100D200064696E67207573657220737065636966A8
:100D30006965642063686172616374657220746FB1
:100D400020555342206F7574707574206F6E204566
:100D50004F4920646574656374696F6E0A68656CD9
:100D6000703A090954686973206D6573736167652A
:100D70000A6966633A0909417373657274204946CA
:100D800043207369676E616C20666F722031353065
:100D9000206D6973636F7365636F6E6473202D20BC
:100DA0006D616B6520415234383820636F6E747208
:100DB0006F6C6C657220696E206368617267650A8A
:100DC0006C6C6F3A09094C6F63616C206C6F636BDC
:100DD0006F7574202D2064697361626C6520667282
:100DE0006F6E742070616E656C206F7065726174D7
:100DF000696F6E206F6E20696E737472756D656EAB
:100E0000740A6C6F633A0909456E61626C6520660D
:100E1000726F6E742070616E656C206F70657261A8
:100E200074696F6E206F6E20696E737472756D6574
:100E30006E740A6C6F6E3A090950757420636F6E98
:100E400074726F6C6C657220696E206C6973746566
:100E50006E2D6F6E6C79206D6F646520286C6973E0
:100E600074656E20746F20616C6C207472616666AC
:100E70006963290A6D6F64653A09095365742074C2
:100E8000686520696E74657266616365206D6F6464
:100E9000652028313D636F6E74726F6C6C65722FC4
:100EA000303D646576696365290A726561643A0953
:100EB000095265616420646174612066726F6D20FF
:100EC000696E737472756D656E743B20652E672E46
:100ED0002063757272656E746C79206164647265EA
:100EE00073736564203E202B2B726561643B207216
:100EF0006561642066726F6D2061646472203E20BB
:100F00002B2B72656164204032320A726561645F26
:100F1000746D6F5F6D733A09526561642074696D19
:100F2000656F7574207370656369666965642062B6
:100F300065747765656E2031202D20333030302088
:100F40006D696C6C697365636F6E64730A72737438
:100F50003A090952657365742074686520636F6E81
:100F600074726F6C6C65720A736176656366673A5A
:100F7000095361766520636F6E6669677261746993
:100F80006F6E0A73706F6C6C3A0909536572696110
:100F90006C20706F6C6C207468652061646472658D
:100FA0007373656420686F7374206F7220616C6C5A
:100FB00020696E737472756D656E74730A737271E5
:100FC0003A090952657475726E2073746174757391
:100FD000206F6620737271207369676E616C2028C0
:100FE000312D7372712061737365727465642F3073
:100FF0002D737271206E6F742061737365727465E6
:1010000064290A7374617475733A095365742074A2
:1010100068652073746174757320627974652074D7
:101020006F2062652072657475726E6564206F6EE4
:10103000206265696E6720706F6C6C656420286241
:1010400069742036203D205251532C20692E652092
:10105000535251206173736572746564290A747206
:10106000673A090953656E6420747269676765722F
:1010700020746F2073656C656374656420646576A5
:10108000696365732028757020746F203135206185
:101090006464726573736573290A7665723A090927
:1010A000446973706C6179206669726D77617265ED
:1010B0002076657273696F6E0A0053656E64696E9F
:1010C000672044434C206661696C65640045455067
:1010D000524F4D2065726173656421005365742021
:1010E000454F5220746F3A2000506172616C6C65FC
:1010F0006C20706F6C6C20636F6D706C65746564D0
:101100002E0052454E3A200050524F4D3A20004F8B
:101110004646004F4E206275666665726564004FF4
:101120004E20756E627566666572656400544F4E3A
:101130003A20004D697373696E6720706172616D4A
:101140006574657273004D697373696E67207061B1
:1011500072616D6574657200537769746368656464
:1011600020746F20646576696365206D6F64652EF9
:1011700000207375636365656465642E0020666195
:10118000696C6564210053656E64696E6720544321
:101190005420746F206465766963652061742061F2
:1011A00064647265737320005468617420697320ED
:1011B0006D7920616464726573732120506C656180
:1011C00073652070726F766964652074686520614C
:1011D000646472657373206F6620612072656D6F41
:1011E0007465206465766963652E00496E76616C6E
:1011F00069643A20303D64617461206275733B20FC
:10120000313D636F6E74726F6C2062757300444978
:101210004F380044494F370044494F360044494F46
:10122000350044494F340044494F330044494F325C
:101230000044494F310041544E0053525100524531
:101240004E00454F4900444156004E524644004E20
:101250004441430049464300415234383820475006
:10126000494220636F6E74726F6C6C65722C2076CD
:1012700065722E20302E35332E33392C2032392F03
:1012800030312F323032360053657269616C206E16
:10129000756D626572206D757374206E6F74206554
:1012A0007863656564203920636861726163746581
:1012B000727321004C656E677468206F66206E61E2
:1012C0006D65206D757374206E6F7420657863652D
:1012D000656420313520636861726163746572737F
:1012E00021004C656E677468206F662076657273A6
:1012F000696F6E20737472696E67206D75737420E8
:101300006E6F742065786365656420343820636887
:1013100061726163746572732100566572537472F1
:101320003A200020776974682073657269616C20C7
:101330006E756D6265720053656E64696E672049F3
:10134000444E3A2000526561645E4F4B004661692D
:101350006C656420746F2073656E6420554E4C007C
:101360004661696C656420746F2073656E642055F6
:101370004E5400556E7265636F676E697A656420BE
:10138000636F6D6D616E64000A436F6D6D616E64B5
:101390002061626F727465642E000A496E76616C1A
:1013A0006964204950206164647265737320666FBC
:1013B000726D61742E00596F752077696C6C206EA8
:1013C00065656420746F207265626F6F74206E6F44
:1013D000772E000A49502041646472657373207748
:1013E000696C6C2062652073657420746F3A20000C
:1013F000456E7465722074686520646573697265F2
:101400006420495020616464726573732028302E13
:10141000302E302E30206D65616E733A2075736505
:101420002044484350293A200076696120444843CB
:10143000502E00436F6E666967757265642049506F
:1014400020416464726573733A20000A43757272B6
:10145000656E7420495020416464726573733A204C
:10146000002D205352414D206C6566743A2000498E
:101470006E697469616C6973696E67204545505285
:101480004F4D2E2E2E2E00454550524F4D2043528B
:101490004320636865636B206661696C65642E2018
:1014A00045726173696E6720454550524F4D2E2E2F
:1014B0002E2E002121204E6F2076616C6964204918
:1014C0005020616464726573732061737369676E21
:1014D00065642E20506C6561736520636865636B7D
:1014E00020796F7572206E6574776F726B207365EB
:1014F0007474696E67732E0049502041646472658C
:1015000073733A20004661696C656420746F2073C0
:101510007461727420544350207365727665720052
:101520004D6178696D756D206E756D626572206FA5
:1015300066206368617261637465727320697320E9
:101540007265616368656420696E206120636F6DF8
:101550006D616E64207465787400005365747570F5
:1015600020636F6D706C6574652E005374617274C6
:10157000696E672053657269616C204D656E752ECA
:101580002E2E005374617274696E672050726F6CF6
:101590006F676978205443502073657276657220B6
:1015A0006F6E20706F727420313233342E2E2E0005
:1015B00057616974696E6720666F722044484350B2
:1015C0002E2E2E0054686520646576696365732746
:1015D000732064656661756C742061646472657300
:1015E0007320706F696E747320746F204750494286
:1015F00020616464726573732000436F6E6669676F
:101600007572696E6720616E6420537461727469CB
:101610006E672047504942206275732E2E2E004D72
:10162000414320416464726573733A2000457468D5
:1016300065726E6574324750494220476174657720
:1016400061792076322E3320284152343838207682
:10165000302E35332E3339290A00BE02A802A702E4
:10166000A602A502A402A302A202A102A002446F44
:101670006E652E00436C656172696E672E2E2E00BA
:101680004572726F72207768696C65207265636558
:101690006976696E6720646174612E0052656164C9
:1016A0005E4F4B00526561645E4F4B00202D3E2023
:1016B00063616E63656C6C6174696F6E20210020DC
:1016C0002D3E2063616E63656C6C6174696F6E2082
:1016D0002100202D3E20746F6F206D616E79206196
:1016E0007267756D656E7473202120286F6E65209A
:1016F000636861726163746572206F6E6C79290032
:1017000000202D3E204E6F20636F6D6D616E642052
:10171000636F6465206D61746368696E6720210082
:10172000202D3E20746F6F206D616E79206172678D
:10173000756D656E7473202120286F6E6520636857
:1017400061726163746572206F6E6C7929002C2060
:10175000506C6561736520696E666F726D20796F7C
:10176000757220636C69656E747321004950204165
:1017700064647265737320686173206368616E6767
:10178000656420746F200049502041646472657361
:101790007320686173206265656E20617373696789
:1017A0006E65643A200045746865726E6574206CDD
:1017B000696E6B206973204F4B206E6F7700526506
:1017C00073657474696E6720616C6C20636C696505
:1017D0006E7420636F6E6E656374696F6E732E2E08
:1017E0002E002069732077726F6E672E20506C6513
:1017F00061736520636865636B2044484350210032
:1018000049502041646472657373200045746865B3
:10181000726E6574206C696E6B206973204F46464A
:1018200000676574436D643A20636F6D6D616E642B
:10183000206E6F7420617661696C61626C652069ED
:101840006E2074686973206D6F64652E0053656E39
:10185000645E4F4B00496E74657266616365206D0E
:10186000697374616B652077697468206C69627252
:101870006172792053657269616C53657269616C3C
:101880004D656E75436D64004E6F204D656E75201D
:10189000696E206D656D6F7279003E0000003448FE
:1018A0003A5411241FBECFEFCDBFDFE3DEBF18E2F5
:1018B000A0E0B8E2EEEEFDEB02C005900D92AA3179
:1018C000B107D9F72BE2AAE1B8E201C01D92AE3A06
:1018D000B207E1F71CE0C0E5DCE004C02197FE019F
:1018E0000E94E85ACF34D107C9F70E9476490C9478
:1018F000A55C0C9400018F929F92AF92BF92CF9201
:10190000DF92EF92FF920F93CF93DF9380910B2A98
:10191000882319F081FF0DC07894DF91CF910F914A
:10192000FF90EF90DF90CF90BF90AF909F908F90FF
:10193000089580FFF2CF80900D2A90900E2AA090FB
:101940000F2AB090102AC12CD12C7601E0E094012E
:10195000A501B601C701A0E00E94125B91F12170C0
:1019600030E040E050E060E070E080E090E00E9415
:10197000125BD1F0B0E0A0E0E03370F4AE2FA6959A
:10198000A695A69580E2A89FD0011124A05FBB4F29
:101990008E2F8770A80FB11DCE2FD0E0CB5FD54D15
:1019A00088899C91892B8C939401A501B601C7016C
:1019B00001E00E94F75A49015A016B017C01EF5F77
:1019C000C6CF8090112A9090122AA090132AB0902E
:1019D000142AC12CD12C7601E0E29401A501B601B4
:1019E000C701A0E00E94125B09F497CF217030E09C
:1019F00040E050E060E070E080E090E00E94125B28
:101A0000D1F0B0E0A0E0E03370F4AE2FA695A6953B
:101A1000A69580E2A89FD0011124A05FBB4F8E2F16
:101A20008770A80FB11DCE2FD0E0CB5FD54D888930
:101A30009C91892B8C939401A501B601C70101E00B
:101A40000E94F75A49015A016B017C01EF5FC5CF33
:101A500000008093C4088091C30887FFFCCF809169
:101A6000C40808950F931F93CF93DF93EC018C016B
:101A7000060F171FC017D10729F088810E94280D73
:101A80008993F8CFDF91CF911F910F9108958F9295
:101A90009F92AF92BF92CF92DF92EF92FF920F93FD
:101AA0001F93CF93DF93182FF92F80910B2A882350
:101AB00019F081FF12C0F8941093C008F093C10888
:101AC000DF91CF911F910F91FF90EF90DF90CF901A
:101AD000BF90AF909F908F90089580FFEDCF809042
:101AE0000D2A90900E2AA0900F2AB090102AC12C97
:101AF000D12C7601E0E09401A501B601C701A0E078
:101B00000E94125BA9F1217030E040E050E060E0FB
:101B100070E080E090E00E94125BE9F0D0E0C0E06D
:101B2000E03370F4CE2FC695C695C69580E2C89F67
:101B3000E0011124C05FDB4F8E2F8770C80FD11DCD
:101B40008E2F90E028818B5F954DDC0150962C9371
:101B50008881887F88839401A501B601C70101E0CF
:101B60000E94F75A49015A016B017C01EF5FC3CF14
:101B70008090112A9090122AA090132AB090142AD3
:101B8000C12CD12C7601E0E29401A501B601C70178
:101B9000A0E00E94125B09F48FCF217030E040E09A
:101BA00050E060E070E080E090E00E94125BE9F0BD
:101BB000D0E0C0E0E03370F4CE2FC695C695C69550
:101BC000B0E2CB9FE0011124C05FDB4F8E2F877006
:101BD000C80FD11D8E2F90E028818B5F954DDC01C1
:101BE00050962C938881887F88839401A501B60143
:101BF000C70101E00E94F75A49015A016B017C01BB
:101C0000EF5FC2CFFC01BC01645A7F4F8FEF9FEFA3
:101C10002191322F3927232F22952F702327422FEE
:101C200050E0382FCA01982F88279295907F282757
:101C30003927CA01B5E0880F991FBA95E1F78227C5
:101C400093276E177F0721F70895E6E0FBE28CE506
:101C5000DF011D928A95E9F782E0828381E0848327
:101C60008FEF858380EB94E081879287089520E34E
:101C7000FC0120833296862F82958F706F706A30B8
:101C800030F4605D6293682F8111F5CF0895695C2F
:101C9000F9CFFC01818D928D08950895CF93DF9344
:101CA00090E0FC01E15DF54020812F3F61F0FC01F7
:101CB000EA5FF540E08130E2E39FF0011124FC5F30
:101CC000613021F42183DF91CF91089583529640B2
:101CD000EC01A881AF3F69F0CF014096A80FB92F62
:101CE000B11D9FB7F89422838C9188608C939FBF1D
:101CF000EACFB0E0A0E0F5CF90E0FC01EC54F64074
:101D0000E081EE2319F1E13021F000F1E630A8F096
:101D1000089583529640FC012081233008F02F5F04
:101D20003091010A81E090E001C0880F2A95EAF71E
:101D3000809583238093010A089580E1E89FF00154
:101D40001124E05AF54F81818F7E818308950F938E
:101D50001F93CF93DF93C82FD0E0FE01E15DF540E4
:101D600000810F3FA1F0162F893210F40E947C0EE3
:101D7000FE01EA5FF540E08180E2E89FF001112476
:101D8000FC5F8081802351F0111106C00683DF9132
:101D9000CF911F910F9108950583F9CFC352D6407B
:101DA0008881309771F08F3F61F07096E80FF11DD8
:101DB0009FB7F8948081111107C0877F80839FBFF0
:101DC000E6CFF0E0E0E0F4CF8860F8CF0F931F9308
:101DD000CF93082F10E0F801E15DF540C081CF3FBF
:101DE00079F00E947C0EF801EA5FF540E08180E224
:101DF000E89FF0011124FC5F8085C82381E009F48D
:101E000080E0CF911F910F9108950E94E60E91E01E
:101E1000811190E0892F0895893210F40C94A70E57
:101E20000895EF92FF920F931F93CF93DF93E82EC5
:101E3000F12CF701E352F64000810F3FD9F1EB019D
:101E4000182F61E00E944E0E209751F460E0812F20
:101E5000DF91CF911F910F91FF90EF900C940C0F99
:101E6000CF3FD10511F461E0F2CFF701EC54F64019
:101E7000E081E13039F010F0E63030F1C038D105C2
:101E800094F7E4CFE02FF0E0EE0FFF1F0330C8F02F
:101E9000ED5DF54F0F5F8FB7F894C0838FBF8091D2
:101EA000010A21E030E001C0220F0A95EAF7822BF7
:101EB0008093010ADF91CF911F910F91FF90EF90D6
:101EC0000895E85DF54FE7CF80E1E89FF001112428
:101ED000E05AF54F8FB7F89494859487C5878FBFE4
:101EE000818180618183E6CF000000000000000056
:101EF0009C0127503109880F991F880F991F820F65
:101F0000931F0197F1F708956FB7F8942091342942
:101F10003091352940913629509137298091AA0A6C
:101F20009091AB0A7091A60A70FF08C02F5F3F4FD7
:101F30004F4F5F4F8091AA0A9091AB0A6FBFE92F74
:101F4000FF27BC01A4E076956795AA95E1F7E60F17
:101F5000F71FBC01B6E076956795BA95E1F7E61BE9
:101F6000F70B892F992786958695E81BF90BA8EE24
:101F7000B3E00E94955A6E0F7F1F811D911D089539
:101F80008F929F92AF92BF92CF92DF92EF92FF9289
:101F90004B015C010E94840F6B017C01A8EEB3E051
:101FA000A50194010E94955AC60ED71EE81EF91E7F
:101FB000C616D706E806F90618F40E94840FF8CF73
:101FC0000E94840F6C157D058E059F05C8F3FF9058
:101FD000EF90DF90CF90BF90AF909F908F9008953B
:101FE0002FB7F89460913429709135298091362962
:101FF000909137292FBF089521E0FC018485883016
:1020000008F020E0822F089580913428909135289F
:10201000891B990B0895DC01ED91FC910190F081F1
:10202000E02D0994EF92FF920F931F93CF93DF93CC
:102030008C017B01D0E0C0E0F701EC0FFD1F649143
:10204000662361F0D801ED91FC910190F081E02DC3
:10205000C8010995892B11F02196EECFCE01DF91B1
:10206000CF911F910F91FF90EF900895AF92BF9283
:10207000CF92DF92EF92FF920F931F93CF93DF9354
:102080006C017B018B01040F151FEB015E01AE1883
:10209000BF08C017D10759F06991D601ED91FC91A5
:1020A0000190F081E02DC6010995892B79F7C501D2
:1020B000DF91CF911F910F91FF90EF90DF90CF9024
:1020C000BF90AF900895FC01508D418D252F30E0D9
:1020D000842F90E0821B930B541710F0CF96089535
:1020E00001970895FC0196898789981761F0A7895F
:1020F000AE0FBF2FB11D5D968C9197899F5F9F7327
:10210000978B90E008958FEF9FEF0895FC019689DB
:102110008789981731F08789E80FF11D858D90E048
:1021200008958FEF9FEF0895FC0196892789892FE5
:1021300090E0805C9F4F821B91098F7399270895CF
:102140008CE49AE20E94941021E0892B09F420E0AB
:10215000822F0895CF93DF93EC01E881F981068007
:10216000F781E02D0995EC85FD8586818F73868347
:10217000EC85FD8585818F7585838F898E8B1D8A82
:10218000DF91CF910895AF92BF92CF92DF92EF92FD
:10219000FF920F931F93CF93DF93EC016A017B01B2
:1021A000A22E8D89882339F0E881F9810688F78984
:1021B000E02DCE0109950C8910E0BFB6F89460E0DF
:1021C00078E689E899E0A70196010E94545A6901CE
:1021D0007A018FEFC81AD80AE80AF80AF694E79449
:1021E000D794C794EC85FD8586818D7F8683EC85A9
:1021F000FD85868186831D8AA09125110A2E000CFB
:10220000BB0BA70196010E94A05A20E034E040E0F9
:1022100050E00E94765AEC85FD85C20ED31EE41E66
:10222000F51EC086D186EC85FD85A782EC85FD85EF
:102230008681806C8683EC85FD85858180688583B9
:102240009091E2058B89809589237801EE0CFF1C23
:10225000F701E00FF11FEC0FFD1F9089892B809390
:10226000E2058685893218F462E00E944E0E0E0D5A
:102270001F1DC00FD11F61E08F850E940C0F8F853D
:10228000893218F461E00E944E0EBFBEDF91CF91FB
:102290001F910F91FF90EF90DF90CF90BF90AF9084
:1022A0000895FC01613019F4648B81E00895148A6B
:1022B0006623D9F380E00895DC0154961C9254976C
:1022C00054968C9154978230A0F4282F30E0F90175
:1022D000EE0FFF1FE20FF31FEA0FFB1F9785961308
:1022E00003C09685941749F08F5F54968C9354974A
:1022F000E7CF54961C9280E0089581E00895CF9333
:10230000DF93FC01908D818DC485D585981306C01F
:102310008D818F7D8D83DF91CF910895A18DAE0F3B
:10232000BF2FB11DA35ABF4F2C91818D90E0019614
:102330008F739927818F80E48C83A485B58512964D
:102340002C93908D818D9813E6CFA485B585159635
:102350008C9115978F7D15968C93838D8823D9F258
:10236000848D80931301138ED6CFDC011C96ED91E2
:10237000FC910FB607FE03C0258125FD04C0248112
:1023800025FD0C947F110895EF92FF920F931F93F8
:10239000CF93DF93EC0181E08D8B988D898D98131D
:1023A0001CC0AC85BD8514968C91149785FF15C013
:1023B00012966C93AC85BD8580E414968C93EC8565
:1023C000FD8585818F7D858381E090E0DF91CF91D0
:1023D0001F910F91FF90EF9008958091110180FF60
:1023E00008C0809113018C8F8A8D8093130181E046
:1023F0008B8FF62E088D10E00F5F1F4F0F73112784
:10240000E02E898D8E1104C0CE010E94B511F9CF46
:10241000E88DEC0FFD2FF11DE35AFF4FF082088F7E
:10242000EC85FD8585818062CECF682F8CE49AE2B1
:102430000C94C411CF93DF93FC0125892223C9F0AA
:10244000EC018091110180FF08C080911301848FFD
:10245000828D8093130181E0838FEC85FD858581DA
:1024600085FD03C0848186FD04C0CE010E94B511A4
:10247000F4CFDF91CF91089580E090E0892B29F08F
:102480000E94A01081110E94000080E090E0892B42
:1024900049F080E090E0892B29F00E940000811132
:1024A0000E94000080E090E0892B49F080E090E0FD
:1024B000892B29F00E94000081110E94000080E019
:1024C00090E0892B49F080E090E0892B29F00E9470
:1024D000000081110C940000089581E008950F938D
:1024E00091E09093762810922F2860932D28709376
:1024F0002E2840932C2820932B28109230281092BD
:10250000312800932A28880F8093292893E024E01B
:1025100080912C28882331F0909377288091292866
:102520008E7F09C080912B28882341F02093772843
:102530008091292881608093A70808C080912C2869
:10254000811104C080912B28882331F380912F289A
:102550008823E1F380912F288330D1F280912B28BA
:10256000882321F0809131280F91089590912F2890
:1025700081E09130C9F780E0F7CFE0EAF8E091859B
:102580009066918792E09093772880932328109209
:102590002228089581E0809322281092232893E036
:1025A0009093AA089091AB0891FF0BC01092272836
:1025B000F0E0E0E009958093262885E08093772875
:1025C0000895109228288093252886E0F7CFE0917F
:1025D000352880913428E81730F4F0E0EA5CF74DB4
:1025E000808190E008958FEF9FEF089590913528B6
:1025F000809134282FEF3FEF981748F4E92FF0E04F
:10260000EA5CF74D208130E09F5F90933528C90147
:102610000895CF92DF92EF92FF920F931F93CF9383
:10262000DF937C018A01EB016B01C40ED51ECC1532
:10263000DD0551F06991D701ED91FC910190F08198
:10264000E02DC7010995F3CFC801DF91CF911F910C
:102650000F91FF90EF90DF90CF9008952091B828D0
:10266000203440F021E030E0FC012283338390E00D
:1026700080E008958091B928E82FF0E0E858F74D00
:1026800060838F5F8093B9288093B82881E090E0C1
:102690000895E0911E28F0911F28808190911D28B7
:1026A000892B80830895E0911E28F0911F28908146
:1026B00080911D288095892380830895AF92BF92D1
:1026C000CF92DF92EF92FF920F931F93CF93DF93FE
:1026D000CDB7DEB72897CDBFDEBF8C017B016A0185
:1026E000809180298333E1F45801A40EB51EA01611
:1026F000B10609F46FC00E94531380EF0E94280DA9
:10270000812F0E94280D802F0E94280D0F5F1F4FE0
:10271000F70181917F010E94280D0E944913E7CFA4
:102720005B01A40EB51E8433C1F40E9453131983B8
:102730000A838D2D80688B83CC8264E070E0CE01AB
:1027400001960E94320DAE14BF0409F441C0F70196
:1027500081917F010E94280DF6CF0E9453130F3FF5
:10276000110509F028F419820A8384E08B830CC0D8
:1027700017FD17C019820A8333E0169507953A951D
:10278000E1F7007E0C600B8386E0C816D10488F563
:10279000F701DE011496EA15FB0599F081918D93FE
:1027A000FACFC80126E0969587952A95E1F7807EB5
:1027B00019830A830115104C10F48461D7CF8C6102
:1027C000D5CFB6016D5F7F4FCE0101960E94320DCD
:1027D0000E944913C6012896CDBFDEBFDF91CF917D
:1027E0001F910F91FF90EF90DF90CF90BF90AF902F
:1027F000089563E070E0CE0101960E94320DF7016A
:1028000081917F010E94280DAE14BF04C1F7E0CF73
:10281000CF93DF931F92CDB7DEB7898341E050E0BD
:10282000BE016F5F7F4F90E080E00E945E130F90CB
:10283000DF91CF91089590E020918029233339F4DE
:102840000C96982F990F990F990F80E0089548964C
:10285000F8CFDA01E0912028F0E0FE2FEE27E60F16
:10286000F71F90E0982F8827A901BD018E0F9F1FA9
:102870000C945E13CF93DF9300D0CDB7DEB779838E
:102880006A8322E030E0AE014F5F5F4F60E170E0AD
:102890000E9429140F900F90DF91CF910895CF934C
:1028A000DF9300D0CDB7DEB779836A8322E030E0D2
:1028B000AE014F5F5F4F64E070E00E9429140F90FB
:1028C0000F90DF91CF910895CF93DF931F92CDB7F3
:1028D000DEB72091202830E0322F2227260F371F25
:1028E00090E0982F8827498341E050E0BE016F5F58
:1028F0007F4F820F931F0E945E130F90DF91CF9145
:102900000895CF93DF931F92CDB7DEB76983DC01C3
:10291000ED91FC910280F381E02D41E050E0BE0199
:102920006F5F7F4F09950F90DF91CF910895CF93FF
:10293000DF931F92CDB7DEB76983DC01ED91FC9187
:102940000280F381E02D41E050E0BE016F5F7F4FD8
:1029500009950F90DF91CF910895FC019485FB01BB
:102960008485981303C081E0983008F080E00895D2
:10297000CF93DF931F92CDB7DEB76983DC01ED9172
:10298000FC910280F381E02D41E050E0BE016F5FD9
:102990007F4F09950F90DF91CF91089544E050E06B
:1029A000BC018FE090E00C945E1344E050E0BC0169
:1029B00085E090E00C945E1344E050E0BC0181E0BF
:1029C00090E00C945E13FC01848595850895DC01EC
:1029D000ED91FC91028CF38DE02D099460E08DE087
:1029E0000E94A70E61E087E20E94A70E61E086E2E6
:1029F0000C94A70EFC01828181110CC0838181118E
:102A000009C08481811106C081E09581911103C0C4
:102A100080E0089581E00895FC01848995890895F6
:102A200026EC3BEFFC0120833183FB014089518977
:102A300062897389FC01428353836483758308959B
:102A400090912A29E92FF0E0EF57F64D80839F5FA0
:102A500090932A290895FC01DB0112968D919C9197
:102A600013978283938314964D915D916D917C9120
:102A70001797448355836683778318964D915D91AC
:102A80006D917C911B9740875187628773871C9655
:102A90008C911C9784871D968D919C918587968734
:102AA000CF010895FC01658776870895DC01ED91DB
:102AB000FC9102A0F3A1E02D099591E089270895EA
:102AC000862F089581E08627089508950895282F78
:102AD0002F71229530E0A901559547955595479559
:102AE0004373220F331F220F331F422B50E0282F36
:102AF00030E0B90175956795CA01959587958575FB
:102B0000440F551F4A7A482B842F869586958695C3
:102B1000220F331F220F331F2078962F9072292BFC
:102B20006074262B822B0895CF93DF93D62F0E94BB
:102B30006715C82F8D2F0E946715E0E4F4E024810B
:102B4000982F909592238C23892B8483DF91CF91AA
:102B5000089560E280E20E94941568E270E080E0EF
:102B600090E00E94C00F60EA80E00E94941568E245
:102B700070E080E090E00E94C00F60E880E80C9474
:102B800094154F925F926F927F929F92AF92BF92F5
:102B9000CF92DF92EF92FF920F931F93CF93DF9329
:102BA0005C01D62F8A010E94F00F2B013C016F5F60
:102BB0007F4F8F4F9F4FC0900F2BD090102BF12C39
:102BC000E12CF8011082C0E09924939464197509EE
:102BD000860997096C157D058E059F0578F580910E
:102BE000082B8130E1F1C11147C064E084E00E940C
:102BF00094158FE00E94E60EC4E0811142C064E0AB
:102C00000E949415DD2339F08EE00E94050F882381
:102C100011F0F8019082809168048095F50180831D
:102C200062E082E00E9494158FE00E94E60E8130FF
:102C300059F562E080E00E949415C1E08C2FDF918D
:102C4000CF911F910F91FF90EF90DF90CF90BF90A9
:102C5000AF909F907F906F905F904F90089582E12A
:102C60000E94050F811112C084E10E94050F882384
:102C700009F4B9CFC3E0E2CFC43009F4BACFC6300B
:102C800099F20E94F00FA2CFC6E0FBCFC2E0D6CFF0
:102C9000FC014089862F90E09C0153E0220F331FF6
:102CA0005A95E1F72870242B208B41899C01220F33
:102CB000331F220F331F2870242B218B42899C0144
:102CC000220F331F2870242B228B23896870622BDC
:102CD000638B44899C01359527952870242B248B80
:102CE00045899C0135952795359527952870242B86
:102CF000258B46899C0163E0359527956A95E1F718
:102D00002870242B268B278974E0959587957A95D2
:102D1000E1F78870822B878B0895CF93DF93D62FAE
:102D20000E946715C82F8D2F0E946715E0E4F4E01C
:102D30009081A82FA0959A232C2F2823922B908343
:102D400090893189428953892489D589B689E7894F
:102D500093FB992790F9632F70E0759567957595AA
:102D6000679562707727692B5870652B50E05595F1
:102D7000479544705527642B30E0220F331F207194
:102D80003327622B94E0D99F9001112420723327BE
:102D9000622B98E0B99F9001112420743327622B95
:102DA00090E1E99FF0011124E078FF276E2B6A2360
:102DB000C0958C23682B80E494E0DF91CF910C9434
:102DC0004816FC0180819181FC01FF2790FD06C01F
:102DD00080E094E1E82BF92B8081089580E093E175
:102DE000F9CF0F931F93CF93DF9300D0CDB7DEB70A
:102DF0008C0119821A82CE0101960E94E116F80117
:102E0000808381E090E089839A83CE0101960E94BD
:102E1000E116F8018183C8010F900F90DF91CF91E7
:102E20001F910F910895FC01FF2790FD12C080E0D3
:102E300094E1E82BF92B60838FB7F8949DE923E0A8
:102E400094BF209300108FBF8091021081FDFCCFB2
:102E5000089580E093E1EDCFBF92CF92DF92EF92A1
:102E6000FF920F931F93CF93DF9300D0CDB7DEB7C0
:102E70006C017C0102E010E0F701B1907F01098351
:102E80001A83CE0101960E94E116B81621F06B2D2F
:102E9000C8010E9413170F5F1F4F0E35110561F710
:102EA000C6010E94020E8C0119821A82CE0101967F
:102EB0000E94E116081729F0602F90E080E00E9440
:102EC000131781E090E089839A83CE0101960E94D6
:102ED000E116181781F0612F81E090E00F900F90BC
:102EE000DF91CF911F910F91FF90EF90DF90CF90E6
:102EF000BF900C9413170F900F90DF91CF911F91FB
:102F00000F91FF90EF90DF90CF90BF900895CF93F7
:102F1000DF93D0E0C0E06FEFCE010E94131721963F
:102F2000C11581E0D807B9F7DF91CF910895DC0191
:102F3000ED91FC910488F589E02D23E030E00994BF
:102F400090E080E0089524E0FC01218321E32083C8
:102F50000895DF92EF92FF920F931F93CF93DF9329
:102F600000D0CDB7DEB7FB01DC0156961D921C9256
:102F700057972281211109C02381211106C0248184
:102F8000211103C02581222359F14115510541F139
:102F90007A018F01FC01D08CCE0101960E94A3170B
:102FA00089819A810E94470DA8014E5F5F4F24E0FE
:102FB00030E06CE070E08D2D0E942914B7018D2D5A
:102FC0000E943A140E947B0C81E090E00F900F90D9
:102FD000DF91CF911F910F91FF90EF90DF900895B7
:102FE00080E0F3CFE0E6F4E0808110826FEF80E6CE
:102FF00094E00E9448166EE186E00E948D1666E01D
:1030000089EF0C9494158F929F92AF92BF92CF92BA
:10301000DF92EF92FF920F931F93CF93DF93D82FFE
:10302000162F0E94F00F4B015C016F5F7F4F8F4F97
:103030009F4FC0900F2BD090102BF12CE12CC0E0B3
:103040000FEFD095681979098A099B096C157D05E0
:103050008E059F0508F061C08091082B813029F50D
:1030600082E10E94050F8823A1F00E94F21788E0F8
:103070008093622BC2E08C2FDF91CF911F910F9133
:10308000FF90EF90DF90CF90BF90AF909F908F9088
:10309000089584E10E94050F882339F00E94F217F9
:1030A00088E08093622BC3E0E6CFC11117C081E1B5
:1030B0000E94E60E81112CC080E10E94E60EC7E05E
:1030C000813031F58091600400936004D0936404F2
:1030D0008091072B81110BC068E00CC0C73061F3F1
:1030E000C83081F3C93049F0CA3061F011C068E1DD
:1030F000112391F380E00E94941580E10E94E60E76
:10310000811109C081E10E94E60E813049F0CAE0D8
:103110000E94F00F97CFC9E0FBCFC13009F0ABCFD1
:103120008091072B811103C068E088E004C068E14A
:1031300088E11123C9F30E949415809160048FEFF8
:103140008093600480936404C1E095CF1092622B59
:103150006FEF80E00E948D16E0E6F4E0808110823F
:103160006FEF80E694E00C944816CF93C82FEEEFF3
:10317000E80FE83068F4F0E0E054F74E0C94E85AB9
:10318000D918E018F418F118041913191B191E198D
:1031900061EE81EA0E948D1661EA81EA0E9494152F
:1031A0006EE180E00E948D1660E280E00E9494153E
:1031B0003EC06EE180E00E948D1660E880E8F6CFA8
:1031C00080916004809360048FEF809364046EE1CB
:1031D00088E10E948D1668E188E10E94941560E8FC
:1031E000E4CF0E94F217E9CF8091600480936004DD
:1031F0008FEF809364046EE188E10E948D1668E190
:1032000088E10E949415D9CF6FEF80E00E948D165F
:1032100060E280E20E94941561EE80E40E948D16C7
:1032200060E480E4C3CF6EE180E00E948D16C0931D
:10323000622BCF9108950E94F217F9CF809160041C
:10324000809360048FEF809364046EE188E10E94B4
:103250008D1668E188E1AACF0E94A61888EC90E05C
:103260000E94740F81E08093082B86E00C94B518BF
:103270000E94A9150E94A61888EC90E00E94740F85
:1032800082E08093082B81E00E94B51861E080E025
:103290000E94941586E990E00E94740F61E081E03D
:1032A0000C949415CF93C82F8091622B833019F022
:1032B00083E00E94B51860E08C2F0E94031891E013
:1032C000813009F490E0892FCF9108958EE190E04C
:1032D0000E94740F8FE50E945219882311F081E03B
:1032E00008958FE30E9452198111F9CF1092642B37
:1032F00008950C9466191F93CF93DF938F3130F0AC
:10330000D1E08D2FDF91CF911F9108956036C0F3EA
:1033100091E8960F97FFF4CF142FC62FD82F8FE385
:103320000E9452198111ECCF8FE50E945219811130
:10333000E7CF123099F480E48D0F0E945219D82FF4
:103340008111DECFCF3F21F482E08093642BD9CF6F
:103350008C2F0E9452198111D3CFF6CF80E28D0FAE
:103360000E945219D82F8111CBCFCF3F11F481E0A9
:10337000ECCF8C2F0E9452198823C9F3C1CFAF9292
:10338000BF92CF92DF92EF92FF921F93CF93DF9382
:10339000EC017B0180910C2B813030F011E0833007
:1033A00020F010E0833009F012E08091082B823089
:1033B000C1F484E00E94B5186E01CE0CDF1C5E01E2
:1033C000A094B09481E0E81AF108CC16DD0679F1FA
:1033D00089919091072B992311F0112321F060E03E
:1033E00009C089E0E7CF61E095012C0F3D1F2E1544
:1033F0003F05A9F70E940318813039F38091082B0B
:10340000823099F4DF91CF911F91FF90EF90DF9080
:10341000CF90BF90AF900C94B51860E08DE00E9403
:1034200003186091072B8AE00FC087E0EBCF1123D0
:1034300029F380910C2B8230A1F38330F9F2813093
:1034400061F76091072B8DE00E940318D7CF8F9210
:103450009F92AF92BF92CF92DF92EF92FF920F9323
:103460001F93CF93DF9300D000D0CDB7DEB77C01A0
:10347000162FD42EC22E19821A821B829091422BB3
:10348000092F07701C821092632B8091072B8111EA
:103490004BC0611104C011E0973009F010E0809139
:1034A000082B823009F042C085E00E94B51884E103
:1034B0000E94050F811141C0A02EB12C8091632B79
:1034C0008111A5C084E10E94050F882309F453C02F
:1034D00012E08C81882349F08091062B882329F003
:1034E0006091112BC7010E940B10173039F08091A9
:1034F000082B823009F091C00E94B5188091632B8F
:1035000081111092632B812F2496CDBFDEBFDF91F6
:10351000CF911F910F91FF90EF90DF90CF90BF90D0
:10352000AF909F908F900895182FB9CF0E94F217F7
:1035300088E08093622B11E0BACF0E94F00F2091B7
:103540000F2B3091102B4B015C01820E931EA11C9E
:10355000B11C84E10E94E60E8111AECF0E94F00FF3
:1035600086169706A806B90608F4A6CF84E190E06F
:103570000E94740FEECFAE014C5F5F4F612FCE0102
:1035800001960E94C115823009F443C0833009F4CA
:103590009FCF813009F03FC06981C7010E940B10A5
:1035A000112329F08C81882301F114E092CF8981C5
:1035B000DD2021F08C1119C015E08BCF073018F5F4
:1035C000F501EB51F54E0C94E85A031B001BEF1A62
:1035D000F51AEC1AF31AFA1A8D3039F48A818A3006
:1035E00021F416E076CF8330E1F38A818B838981E1
:1035F0008A8364CF8330C9F78A818A30B1F78B819F
:103600008D3099F7EECF8A3081F78A81F9CF11E0BA
:1036100060CF13E05ECF18E05CCF87E06DCF20E095
:1036200040E060E089E69BE20C94271A109227297B
:103630008091622B883029F487E00E94B51881E0E0
:10364000089580E008958091622B893029F487E005
:103650000E94B51881E0089580E00895FB01019073
:103660000020E9F73197AF01461B570BDC01ED91C4
:10367000FC910280F381E02D09948F929F92AF928A
:10368000BF92EF92FF920F931F93CF93DF93CDB72B
:10369000DEB7A197CDBFDEBF7C01FA01CB0119A235
:1036A000223008F42AE08E010F5D1F4F822E912CEC
:1036B000B12CA12CBF01A50194010E94545AF9011B
:1036C000CA016A30F4F4605DD8016E938D01232B3A
:1036D000242B252B79F790E080E0109721F0BD0195
:1036E000C7010E942E1BA196CDBFDEBFDF91CF91F7
:1036F0001F910F91FF90EF90BF90AF909F908F9090
:103700000895695CE1CFCF92DF92EF92FF920F9321
:103710001F93CF93DF936B01770FEE08FF08F7FE3F
:103720001BC0EC016DE20E940B108C014427552751
:10373000BA014C195D096E097F092AE0CE010E9489
:103740003D1B800F911FDF91CF911F910F91FF9033
:10375000EF90DF90CF9008952AE0B701A601DF91A6
:10376000CF911F910F91FF90EF90DF90CF900C942D
:103770003D1BCF93DF9300D0CDB7DEB761E674E198
:103780008CE49AE20E9412108091A82B9091A92BB0
:10379000009711F48EEA9BE2BE016F5F7F4F681BBA
:1037A000790B8CE49AE20E94831B0F900F90DF91BB
:1037B000CF910895462F50E070E060E02AE00C942D
:1037C0003D1B8F929F92AF92BF92CF92DF92EF926A
:1037D000FF920F931F93CF93DF937C018B014C01DA
:1037E00082E0880E911C5701E5E0AE0EB11CD0E0DE
:1037F000C0E0F40161914F01C8010E94DA1B6C0125
:103800006EE2C8010E940B108C0D9D1DC80FD91FC0
:103810008A149B0471F7F7016581C8010E94DA1BC5
:103820008C0F9D1FDF91CF911F910F91FF90EF9013
:10383000DF90CF90BF90AF909F908F9008956AEDEA
:103840007BEF0C942E1B0F931F93CF93DF93EC0110
:103850000E94DA1B8C01CE010E941F1C800F911F59
:10386000DF91CF911F910F9108950F931F93CF93E5
:10387000DF93EC01AB0170E060E02AE00E943D1BA9
:103880008C01CE010E941F1C800F911FDF91CF91F0
:103890001F910F9108950F931F93CF93DF93EC0126
:1038A0000E94831B8C01CE010E941F1C800F911F60
:1038B000DF91CF911F910F91089583E10E94050F31
:1038C000682F70E089E69BE20C944B1C0F931F93CA
:1038D000CF93DF93EC01CB01BE010E94E11B8C0171
:1038E000CE010E941F1C800F911FDF91CF911F916D
:1038F0000F9108950F931F93CF93DF93EC010E94D4
:103900002E1B8C01CE010E941F1C800F911FDF9186
:10391000CF911F910F9108950F931F93CF93DF9332
:10392000EC01FB014481558160817181E881F9815D
:103930000280F381E02D09958C01CE010E941F1CAD
:10394000800F911FDF91CF911F910F9108950F93D9
:103950001F93CF93DF93EC010E9412108C01CE01D4
:103960000E941F1C800F911FDF91CF911F910F911B
:10397000089563E773E189E69BE20C94A71C8FE549
:103980000E945219882351F08091022A882359F00D
:1039900060E673E189E69BE20C94A71C1092642B0D
:1039A00082E00C94B51808958FE30E945219882381
:1039B00051F08091022A882359F06DE473E189E681
:1039C0009BE20C94A71C1092642B82E00C94B51817
:1039D0000895CF9382E00E94B51884E190E00E94A0
:1039E000740F80916004809360048FEF809364046F
:1039F0006EE188E10E948D1668E188E10E949415CD
:103A000060E980E00E9494150E94F21784E190E042
:103A10000E94740FC091680482E00E94B5186C2F58
:103A2000609589E69BE20E94231C8091022A8823EC
:103A300039F069EE70E189E69BE2CF910C94A71C06
:103A4000CF91089584E10E945219882351F080910A
:103A5000022A882349F06AEB70E189E69BE20C9424
:103A6000A71C82E00C94B518089586E09BE20E94A2
:103A70002C178091022A882331F06FE976E089E6DD
:103A80009BE20C94A71C0895CF92DF92EF92FF92D5
:103A90000E94F00F6B017C0120EDC20E27E0D21EC8
:103AA000E11CF11C88EDA89584BF8091000186601F
:103AB000809300018091010181FDFCCF0E94F00FF5
:103AC0006C157D058E059F05C8F38091022A882319
:103AD00051F064EF75E089E69BE2FF90EF90DF9094
:103AE000CF900C94A71CFF90EF90DF90CF9008959B
:103AF0008091082B8230B1F461E080E00E9494153F
:103B000086E990E00E94740F61E081E00E949415C4
:103B10008091022A882331F068E975E089E69BE20A
:103B20000C94A71C089541E060910B2B80910A2B07
:103B30000E947B19882351F08091022A882391F0FA
:103B40006FE375E089E69BE20C94A71C84E00E9479
:103B500052198111F1CF0E9479198111EDCF82E0C4
:103B60000C94B518089563E373E0823031F065E496
:103B700073E0833011F462E273E089E69BE20C9417
:103B8000A71C0F931F93CF938C01C091582BC29504
:103B9000C695C77009F4C1E089E69BE20E941F1C2C
:103BA000B80189E69BE20E941210C13029F065E25B
:103BB00089E69BE20E940B10C15091F789E69BE2D7
:103BC000CF911F910F910C941F1C6115710511F07D
:103BD0000C942E1B90E080E008958091022A91E0E1
:103BE00089278093022A6DED7BEF89E69BE20E9494
:103BF000E51D8091022A6BE17CEF882311F06FE0D4
:103C00007CEF89E69BE20C947A1C67EF7CEF89E6F7
:103C10009BE20C94E51DDC01FC0101900020E9F71A
:103C200031979E2F9A1B2A2FFD018E2F821B8917F9
:103C300030F4819180538A30C0F380E0089581E0B0
:103C400008950C94DC54CF93DF93CDB7DEB7C05406
:103C5000D109CDBFDEBF6CE978E18CE49AE20E9425
:103C6000A71C6091042B7091052B40E450E0CE011D
:103C700001960E944957BE016F5F7F4F8CE49AE224
:103C80000E94E51D6AE978E18CE49AE20E94121034
:103C9000C05CDF4FCDBFDEBFDF91CF9108950F93A2
:103CA0001F93CF93DF93CDB7DEB7C054D109CDBFFB
:103CB000DEBF64E67CEF8CE49AE20E947A1C64E644
:103CC0007CEF8CE49AE20E947A1C8091032B10E036
:103CD00005E0811115C068E878E18CE49AE20E9461
:103CE000A71C65E578E18CE49AE20E94A71CC05C01
:103CF000DF4FCDBFDEBFDF91CF911F910F910895B0
:103D00008091032B181798F7E091012BF091022B6B
:103D1000109FE00DF11D11246081718140E450E09D
:103D2000CE0101960E944957BE016F5F7F4F8CE420
:103D30009AE20E947A1C1F5FE3CF0E944F1E0C94F0
:103D4000231EAF92BF92CF92DF92EF92FF920F931A
:103D50001F93CF93DF9300D000D0CDB7DEB78C0197
:103D60006B017A01809180298333E9F45B0168015A
:103D7000C40ED51EC016D10691F10E9453138FE0D8
:103D80000E94280D812F0E94280D802F0E94280D4F
:103D90000F5F1F4F80E00E94280DF50181935F01A6
:103DA0000E944913E7CF843349F50E9453131983C6
:103DB0000A838F2D8F778B83EC8264E070E0CE01D5
:103DC00001960E94320DA70170E060E0C6010E94DA
:103DD000FA5BB701C6010E94320D0E944913C70168
:103DE0002496CDBFDEBFDF91CF911F910F91FF9041
:103DF000EF90DF90CF90BF90AF9008950E94531343
:103E00000F3F110509F030F419820A831B8263E029
:103E100070E0D5CF17FD0BC019820A8333E01695E9
:103E200007953A95E1F7007E08600B83F0CFC80153
:103E300026E0969587952A95E1F7807E19830A8377
:103E40000115104C18F480618B83E1CF8861FCCFA1
:103E50001F93CF93DF9300D0CDB7DEB7182FCE01DD
:103E600001960E94A31789819A810E94470D812F94
:103E70000E941B1427E0129FF0011124E85CF64D0C
:103E800022813381377041E050E0BE016F5F7F4F88
:103E9000820F931F0E94A11E0E947B0C89810F90AC
:103EA0000F90DF91CF911F910895FC01808D883094
:103EB00040F4218D328D232B21F00E94281F90E0A9
:103EC00008958FEF9FEF0895CF93DF93FC01248532
:103ED000283028F08FEF9FEFDF91CF910895EC010C
:103EE0000190F081E02D0084F185E02D0995892B6A
:103EF00089F38C850E94281F90E0EECFCF93DF934B
:103F00001F92CDB7DEB741E050E0BE016F5F7F4F3B
:103F10000E94A11E89810F90DF91CF91089590E0BA
:103F200080E00C947E1FCF93DF93C4E1D0E00E9429
:103F30008F1F882361F061E070E080E090E00E94D4
:103F4000C00F2197A1F780E0DF91CF91089581E024
:103F5000FBCF1F93CF93DF9300D01F92CDB7DEB777
:103F600080912128811139C160E372E080E090E006
:103F70000E94C00F80910A2A811117C010920B2A4B
:103F800010920C2A10920D2A10920E2A10920F2ACB
:103F90001092102A1092112A1092122A1092132AAB
:103FA0001092142A81E080930A2A8091E3058C7F85
:103FB0009091092A892B8093E30591118BC061E0D0
:103FC00084E00E944E0E61E086E00E944E0E8091D9
:103FD000C10884608093C1088091C0088162809389
:103FE000C0089091442A8091452A9093C0088093FC
:103FF000C10880910028893208F07FC0E82FF0E0E6
:10400000EA5FF5402081263008F077C090E2299FD2
:10401000900111243C5F2C5F3F4F20931E2830936A
:104020001F289FEF893228F4E82FF0E0E15DF5408A
:10403000908190931D28893218F461E00E944E0E01
:104040000E944913CE0101960E94A31789819A818B
:104050000E94470D84E38093802980E80E94081421
:104060000E94931F882309F44BC088E00E94081423
:104070000E948F1F883009F043C080E10E9408141D
:104080000E948F1F8031E1F580E00E9408140E9499
:104090008F1F182F811134C08FE190E00E947E1F86
:1040A000833071F580E48093202842E06EE170E077
:1040B000812F0E94641442E06FE170E0812F0E9422
:1040C00064141F5F183089F70E947B0C81E0809395
:1040D00021287CC0913039F461E08EE00E944E0EC0
:1040E00061E080E172CF923009F071CF61E08EE142
:1040F0000E944E0E61E080E268CF30E020E08BCF7E
:1041000087E38093802980E80E9408140E94931F0F
:104110008823F9F088E00E9408140E948F1F8830DD
:10412000C1F480E10E9408140E948F1F182F803173
:1041300081F480E00E9408140E948F1F811109C041
:1041400089E390E00E947E1F843019F410932028A8
:10415000BBCF83E38093802980E80E9408140E94EB
:10416000931F882371F180E10E9408140E948F1F21
:10417000803139F582E10E9408140E948F1F82313C
:1041800001F580E00E9408140E948F1F811119C060
:1041900084E08093202815E51B8341E050E0BE01B8
:1041A0006D5F7F4F8BE190E00E945E13198341E0C9
:1041B00050E0BE016F5F7F4F8AE190E00E945E1386
:1041C00083CF109280290E947B0C80E02396CDBF84
:1041D000DEBFDF91CF911F91089581E0F7CFEF927D
:1041E000FF921F93CF93DF93CDB7DEB7C454D109AD
:1041F000CDBFDEBF7C01FB0182819381A481B581AB
:1042000023968CAF9DAFAEAFBFAF239711E023963F
:104210001FAF239723964CAD5DAD6EAD7FAD239759
:1042200049AF5AAF6BAF7CAF8DA79EA7AFA7B8AB16
:1042300018AB4DA55EA56FA578A94B8F5C8F6D8FD0
:104240007E8F1CAF49AD5AAD6BAD7CAD49A35AA36F
:104250006BA37CA326EC3BEF29833A834FEF4B8380
:104260004C834D831E822F8338871E8F4B8D5C8D30
:104270006D8D7E8D49875A876B877C871CA349A1EA
:104280005AA16BA17CA14F87588B698B7A8B2B8BA2
:104290003C8B8D8B9E8BAF8BB88F0E94A91F882380
:1042A00069F1CE018D5B9F4F0E94A31725968EADBD
:1042B0009FAD25970E94470D46E050E0B70189E089
:1042C00090E00E945E13CE0145960E94CE14CE016E
:1042D00009960E94DC14CE0103960E94D5140E9418
:1042E0007B0C1A8B8F859889A989BA898093F72AC4
:1042F0009093F82AA093F92AB093FA2ACC5BDF4F67
:10430000CDBFDEBFDF91CF911F91FF90EF90089559
:104310002091202830E0322F2227620F731F90E077
:10432000982F8827860F971F0C947E1FCF93C82F36
:10433000462F61E070E00E94641461E070E08C2F11
:104340000E9488218111F9CFCF9108951F93CF93B7
:10435000DF9300D0CDB7DEB7182FCE0101960E94B3
:10436000A31789819A810E94470D68E070E0812F30
:104370000E9496210E947B0C0F900F90DF91CF91AD
:104380001F9108951F93CF93DF9300D0CDB7DEB771
:10439000182FCE0101960E94A31789819A810E944D
:1043A000470D60E170E0812F0E9496210E947B0CF6
:1043B0000F900F90DF91CF911F910895CF93DF93CE
:1043C000EC01888D883020F40E94C22188E0888F1B
:1043D000DF91CF91089563E070E00C9488211F93E2
:1043E000CF93DF9300D0CDB7DEB7182FCE01019663
:1043F0000E94A31789819A810E94470D812F0E94F4
:10440000EB21182F0E947B0C812F0F900F90DF91D2
:10441000CF911F910895EF92FF920F931F93CF9327
:10442000DF937C0180918029D4E0833309F0D8E0C8
:1044300000E719E2C0E0F801219131918F01F70105
:10444000848195812817390729F0CF5FDC13F3CFDA
:1044500080E006C08C2F0E94EF218431B1F781E00B
:10446000DF91CF911F910F91FF90EF900895CF931F
:10447000DF93EC018C858830D0F40E94EF218431E9
:1044800089F0882379F0883169F021E08C3159F482
:10449000E881F9810084F185E02DCE01099521E0C4
:1044A000892B09F420E0822FDF91CF91089580E0DD
:1044B000FBCFCF92DF92EF92FF92CF93DF93EC018D
:1044C0008C85883068F40E94A6210E94F00F6B0151
:1044D0007C018C850E94EF21811109C088E08C87C6
:1044E000DF91CF91FF90EF90DF90CF90089561E042
:1044F00070E080E090E00E94C00F0E94F00FAB01DE
:10450000BC014C195D096E097F098D859E85B0E05F
:10451000A0E0481759076A077B07D8F28C850E94EC
:10452000C221DCCF1F93CF93DF9300D0CDB7DEB78E
:10453000FC01108DCE0101960E94A31789819A81FA
:104540000E94470D60E270E0812F0E94962162E098
:1045500070E0812F0E94882184FD22C062E070E01B
:10456000812F0E94882183FF10C048E162E070E043
:10457000812F0E9464140E947B0C80E090E00F90D9
:104580000F90DF91CF911F9108950E947B0CCE0177
:1045900001960E94A31789819A810E94470DD7CF67
:1045A00040E162E070E0812F0E9464140E947B0C65
:1045B00081E0E4CFDA01E0912028F0E0FE2FEE2741
:1045C000E60FF71F90E0982F8827A901BD018E0FF5
:1045D0009F1F0C94A11E8F929F92AF92BF92CF9279
:1045E000DF92EF92FF920F931F93CF93DF93CDB79C
:1045F000DEB76097CDBFDEBF7C0190918029992303
:1046000071F108E0933309F404E05B01CE010196F7
:104610000E94A31789819A810E94470D9E012F5FF6
:104620003F4F6901490110E0812F0E94EB21F40105
:1046300081934F018823D9F01F5F0113F5CF00E06C
:10464000F60181916F018D3161F0883151F08A510D
:10465000823038F00F5F1013F3CF0E947B0C18E00C
:104660008AC060E170E0802F0E949621102FC12E39
:10467000D12CF601EE0FFF1FE059F64D108211828A
:104680008AEF90E00E94740F42E870E060E0812FB2
:104690000E9464144FEF62E070E0812F0E94641466
:1046A000B501A114B10491F48091032890910428DC
:1046B00001968115F0EC9F0708F46EC080930328E3
:1046C000909304286091032870910428812F0E9400
:1046D0004F1486E0E4E6F9EFDE01199601900D92A1
:1046E0008A95E1F7F70183818F778C8784818D87A5
:1046F00085818E87A7014E5F5F4F24E030E06CE03C
:1047000070E0812F0E942914B501812F0E943A1474
:1047100026E030E0AE01475F5F4F66E070E0812F3A
:104720000E94291461E070E0812F0E94962127E009
:104730002C9DC0012D9D900D11249C01285C364DAF
:104740007901F9011082118222E030E0AE01415F6F
:104750005F4F68E270E0812F0E94DA228F8598898E
:10476000982789279827F7018283938316821482DA
:1047700015820E947B0C812F6096CDBFDEBFDF913A
:10478000CF911F910F91FF90EF90DF90CF90BF904E
:10479000AF909F908F90089580E090EC8FCFCF9254
:1047A000DF92EF92FF920F931F93CF93DF93CDB7DA
:1047B000DEB72697CDBFDEBF8C016B017A01FC010D
:1047C000808D883010F40E94C22186EC9BEF898393
:1047D0009A83F60182819381A481B5818B839C8326
:1047E000AD83BE83B701CE0101960E94EB22F80192
:1047F000808F883088F4E486F586118E128E81E0F1
:104800002696CDBFDEBFDF91CF911F910F91FF9014
:10481000EF90DF90CF90089580E0F2CF7F928F925B
:104820009F92AF92BF92CF92DF92EF92FF920F933F
:104830001F93CF93DF9300D0CDB7DEB7782E8B01D7
:104840004A01590122E030E0AE014F5F5F4F64E260
:1048500070E00E94DA22E980FA80FE24EF24FE2430
:10486000E00EF11E9701377040918029072D10E06E
:10487000433309F042C0085F1F4F102F0027110F6C
:10488000110F110FC901800F911F4733C9F1A90101
:104890004A0D5B1D4130584098F160E078E06B01B3
:1048A000C21AD30AA601B4010E945E13A5014C19D5
:1048B0005D09B4016C0D7D1DC8010E945E13EA0CF8
:1048C000FB1CF982EA8222E030E0AE014F5F5F4FCD
:1048D00064E270E0872D0E9429140F900F90DF9101
:1048E000CF911F910F91FF90EF90DF90CF90BF90ED
:1048F000AF909F908F907F900895005F1F4FBDCF26
:10490000A501B401DACFEF92FF921F93CF93DF930B
:1049100000D0CDB7DEB7182F22E030E0AE014F5FF8
:104920005F4F60E270E00E94DA22E980FA80FE24A4
:10493000EF24FE2422E030E0AE014F5F5F4F60E2E3
:1049400070E0812F0E94DA2289819A819827892735
:104950009827E816F90689F487E0189FF0011124DA
:10496000E85CF64DE482F582C7010F900F90DF916D
:10497000CF911F91FF90EF9008957C01DBCFFF92C4
:104980000F931F93CF93DF9300D0CDB7DEB7F82EF0
:10499000CE0101960E94A31789819A810E94470D3A
:1049A0008F2D0E9483248C018F2D0E94EB21F82EE5
:1049B0000E947B0C87E1F81629F08CE1F81611F0C3
:1049C00010E000E0C8010F900F90DF91CF911F9190
:1049D0000F91FF900895CF93DF93EC018C85883081
:1049E00060F40E94EF21873111F08C3131F48C8515
:1049F0000E94BF248115984088F3DF91CF910895DC
:104A0000FC0124A1283018F448960C94EB24089556
:104A1000FC018485883010F40C94BF2490E080E081
:104A20000895AF92BF92CF92DF92EF92FF920F93D1
:104A30001F93CF93DF9300D0CDB7DEB7F82E6B0175
:104A40008A014130584010F000E018E0CE01019694
:104A50000E94A31789819A810E94470D8F2D0E9481
:104A600083245C018F2D0E94EB21E82E0E947B0C99
:104A700087E1E81619F08CE1E81235C0A016B106FE
:104A800028F3CE0101960E94A31789819A810E9482
:104A9000470D9801A60170E060E08F2D0E940E2462
:104AA00060E270E08F2D0E94962162E070E08F2D11
:104AB0000E94882184FD25C08F2D0E94EB21811149
:104AC00015C00E947B0C10E000E0C8010F900F9011
:104AD000DF91CF911F910F91FF90EF90DF90CF90DA
:104AE000BF90AF90089510E000E0CBCF0E947B0C08
:104AF000CE0101960E94A31789819A810E94470DD9
:104B0000D4CF40E162E070E08F2D0E9464140E94D7
:104B10007B0CDBCF0F931F93CF93DF938C01EA01C4
:104B2000FC018485883048F40E941125892B39F4D2
:104B300081E090E0F80182839383D0E0C0E0CE0171
:104B4000DF91CF911F910F9108957F928F929F9245
:104B5000AF92BF92CF92DF92EF92FF920F931F938B
:104B6000CF93DF9300D0CDB7DEB77C014B01742E1D
:104B7000C52EFC01A688B788D08CCE0101960E9474
:104B8000A31789819A810E94470D8D2D0E9483244D
:104B9000072D1C2D8017910708F48C019801A401A2
:104BA000B5018D2D0E940E240E947B0CF701868991
:104BB0009789800F911F868B978BC8010F900F905C
:104BC000DF91CF911F910F91FF90EF90DF90CF90E9
:104BD000BF90AF909F908F907F900895FF920F931A
:104BE0001F93CF93DF9300D0CDB7DEB7F82E22E02E
:104BF00030E0AE014F5F5F4F66E270E00E94DA2264
:104C000009811A8110270127102722E030E0AE0128
:104C10004F5F5F4F66E270E08F2D0E94DA2289813C
:104C20009A819827892798270817190749F4C801F6
:104C30000F900F90DF91CF911F910F91FF900895EA
:104C40008C01E3CFEF92FF920F931F93CF93DF93EB
:104C500000D0CDB7DEB7182F87E0189F9001112440
:104C6000F901E85CF64D7F01808191810097B1F4F4
:104C7000CE0101960E94A31789819A810E94470D57
:104C8000812F0E94EE258C010E947B0CF70186810A
:104C90009801281B3109C901208331830F900F909F
:104CA000DF91CF911F910F91FF90EF9008959F9208
:104CB000AF92BF92CF92DF92EF92FF920F931F932A
:104CC000CF93DF93EC017B0180918029811121C07A
:104CD0001A821B8288EE93E0A0E0B0E08C839D8373
:104CE000AE83BF8384E99BEF8883998388E08C87B8
:104CF00088EE93E08D879E87CE01DF91CF911F9143
:104D00000F91FF90EF90DF90CF90BF90AF909F906A
:104D1000089534E0932E833311F028E0922E80E73B
:104D2000C82E89E2D82E10E098E0B92EA12CD60129
:104D30002D913D916D01F7018481958128173907E7
:104D400091F4812F0E94EF21082F873111F08C31CF
:104D500039F5812F0E942226892B59F50C3119F43F
:104D6000812F0E94A6211F5F9112E1CFA11008C0E0
:104D7000D701ED91FC910084F185E02DC7010995E3
:104D80001A821B8288EE93E0A0E0B0E08C839D83C2
:104D9000AE83BF8384E99BEF88839983BC86A8CFC9
:104DA000843149F08111DFCFF601329710821182F0
:104DB000DACFB12ED8CFAA24A394D5CF8F929F92C9
:104DC000AF92BF92CF92DF92EF92FF920F931F9319
:104DD000CF93DF93CDB7DEB72F97CDBFDEBF5C019A
:104DE0004B017A01809180298823B1F104E083335B
:104DF00009F008E0B501CE0101960E94572680E730
:104E0000C82E89E2D82E10E0F601219131916F0170
:104E1000F501848195812817390751F4812F0E946B
:104E2000EF21873129F4A701B401812F0E941125B8
:104E30001F5F0113E9CFC7012F96CDBFDEBFDF9102
:104E4000CF911F910F91FF90EF90DF90CF90BF9087
:104E5000AF909F908F900895F12CE12CECCFEF92C2
:104E6000FF920F931F93CF93DF93CDB7DEB72F97AA
:104E7000CDBFDEBF8C017C0188E1E80EF11CF8019A
:104E800084A1883030F5C7010E94372281111DC0EE
:104E9000C7010E9459221B821C8288EE93E0A0E089
:104EA000B0E08D839E83AF83B88784E99BEF8983CD
:104EB0009A8388E08D8788EE93E08E879F87BE0176
:104EC0006F5F7F4FC7010E942B15F80184A18830C6
:104ED00068F0F80166897789CE0101960E9457260D
:104EE000BE016F5F7F4FC7010E942B15F80184A19F
:104EF000883038F40E94F00FF80165A776A787A7DD
:104F000090AB2F96CDBFDEBFDF91CF911F910F9158
:104F1000FF90EF900895CF93DF93EC010E942F272D
:104F2000CE0148962CA1283020F4DF91CF910C942B
:104F3000641F8FEF9FEFDF91CF910895FC0184856F
:104F4000883010F40C94222690E080E00895EF92CF
:104F5000FF920F931F93CF93DF93CDB7DEB72F97B9
:104F6000CDBFDEBFFC0126893789232B61F490E099
:104F700080E02F96CDBFDEBFDF91CF911F910F91C3
:104F8000FF90EF9008958C010E942F277801F8E19F
:104F9000EF0EF11CF80184A1883060F066897789F2
:104FA000CE0101960E945726BE016F5F7F4FC70159
:104FB0000E942B15F80184A18830C8F6C7010E9411
:104FC0009E27D7CF4F925F927F928F929F92AF9200
:104FD000BF92CF92DF92EF92FF920F931F93CF93E6
:104FE000DF9300D0CDB7DEB7782E6B014A01A82E33
:104FF000B12C27E0829FC0011124FC01E85CF64D32
:105000007F0100811181CE0101960E94A317898141
:105010009A810E94470D0815190554F4872D0E94A6
:10502000EE25F70126818C01021B110900831183F3
:105030000115110529F5872D0E94EB21843159F0C6
:10504000882349F001E010E08C3111F410E000E019
:105050001195019511090E947B0CC8010F900F90CA
:10506000DF91CF911F910F91FF90EF90DF90CF9044
:10507000BF90AF909F908F907F905F904F900895DA
:10508000801691060CF4840187E08A9DF0018B9DC7
:10509000F00D1124E85CF64DE280F380C114D104D8
:1050A00051F12701F7E05F22872D0E941B14840D28
:1050B000951D20918029273309F453C09801240DB0
:1050C000351D2130384008F44CC020E038E049015B
:1050D00084189508A401B6010E94A11E2601480C5F
:1050E000591C6801C818D908872D0E941B14A601F5
:1050F000B2010E94A11EE00EF11E87E08A9DF00120
:105100008B9DF00D1124E85CF64DE282F382208144
:105110003181201B310B208331838681800F912FB9
:10512000911D8A3F910510F4232BF1F487E08A9DAD
:10513000F0018B9DF00D1124E85CF64D1682F9828A
:10514000EA8222E030E0AE014F5F5F4F68E270E03C
:10515000872D0E94291460E470E0872D0E9496211B
:105160007ACFA801B601C5CF868375CFCF93DF93E1
:10517000FC01218D328D2115310529F48FEF9FEF30
:10518000DF91CF910895EC01808D4217530708F00D
:10519000A9010E94E2271816190684F7298D3A8D75
:1051A000281B390B298F3A8FEBCF0F931F93CF9387
:1051B000DF931F92CDB7DEB7FC01218D328D232BFB
:1051C00041F48FEF9FEF0F90DF91CF911F910F91DF
:1051D00008958C0141E050E0BE016F5F7F4FFC01FC
:1051E000808D0E94E227181619065CF7F801818D60
:1051F000928D0197818F928F898190E0E4CFCF9338
:10520000DF931F92CDB7DEB741E050E0BE016F5F84
:105210007F4FFC0184850E94E2271816190634F49A
:10522000898190E00F90DF91CF9108958FEF9FEFEC
:10523000F9CFCF93DF93EC010E942F27CE01489640
:105240002CA1283020F4DF91CF910C94FF288FEF10
:105250009FEFDF91CF910895FC018485883010F491
:105260000C94E22790E080E008958F929F92BF9285
:10527000CF92DF92EF92FF920F931F93CF93DF9322
:10528000CDB7DEB72A97CDBFDEBF90918029992395
:1052900079F108E0933309F404E06B01B82ECE01F4
:1052A00001960E94A31789819A810E94470D9E0151
:1052B0002F5F3F4F7901490110E0812F0E94EB21C0
:1052C000F40181934F018823D9F01F5F0113F5CFBB
:1052D00000E0F70191917F019D3161F0983151F02B
:1052E0009A51923038F00F5F1013F3CF0E947B0C6D
:1052F00018E060C060E170E0802F0E949621102FBE
:10530000E12EF12CF701EE0FFF1FE059F64D108250
:1053100011828AEF90E00E94740F4B2D70E060E0E4
:10532000812F0E9464144FEF62E070E0812F0E9491
:105330006414B601CD2891F480910328909104283B
:1053400001968115F0EC9F0708F444C08093032870
:10535000909304286091032870910428812F0E9463
:105360004F1461E070E0812F0E94962127E02E9D6E
:10537000C0012F9D900D11249C01285C364D7901B0
:10538000F9011082118222E030E0AE01475F5F4FE9
:1053900068E270E0812F0E94DA2289859A85982739
:1053A00089279827F70182839383168214821582B6
:1053B0000E947B0C812F2A96CDBFDEBFDF91CF915B
:1053C0001F910F91FF90EF90DF90CF90BF909F9033
:1053D0008F90089580E090ECB9CF0F931F93CF93F7
:1053E000DF93EC018B01888D883010F40E94C2217C
:1053F000B80182E00E943529888F883050F40C87EC
:105400001D87198E1A8E81E0DF91CF911F910F9128
:10541000089580E0F9CFEF92FF921F93CF93DF932F
:1054200000D0CDB7DEB77C01FC016481758181E2DB
:105430000E943529182F883090F4CE0101960E94E1
:10544000A31789819A810E94470D812F0E94EB2129
:10545000833169F00E947B0C812F0E94A6210F905E
:105460000F90DF91CF911F91FF90EF90089562E030
:1054700070E0812F0E9496210E947B0CF7018481AD
:105480009581E12FF0E0EE0FFF1FE059F64D80838C
:105490009183E5CFAF92BF92CF92DF92EF92FF92CE
:1054A0000F931F93CF93DF9300D0CDB7DEB78C015E
:1054B0006B015A01FC018485883058F40E94EF2169
:1054C000882321F0F80184850E94A62188E0F80154
:1054D0008487F60182819381A481B5810097A1051B
:1054E000B10579F490E080E00F900F90DF91CF91BB
:1054F0001F910F91FF90EF90DF90CF90BF90AF90F2
:1055000008958F3F9F4FAF4FBF4F61F370E060E052
:1055100081E20E943529F82EF8018487F7E0F81718
:1055200008F3CE0101960E94A31789819A810E94F7
:10553000470DA6014E5F5F4F24E030E06CE070E065
:105540008F2D0E942914B5018F2D0E943A1464E01A
:1055500070E08F2D0E9496210E947B0C0E94F00F1C
:105560006B017C01F80184850E94EF21873129F1CC
:105570008C3119F1882309F4B5CF0E94F00FAB01EB
:10558000BC014C195D096E097F09F8018585968576
:10559000B0E0A0E084179507A607B70738F061E0F0
:1055A00070E080E090E00E94C00FDCCF84850E9414
:1055B000C22188E0F801848795CF81E090E094CF04
:1055C0000F931F93CF93DF9300D0CDB7DEB7FC01CD
:1055D000248510E000E02830D8F48C01CE0101963B
:1055E0000E94A31789819A810E94470D22E030E032
:1055F000AE014F5F5F4F60E170E0F80184850E946B
:10560000DA2209811A811027012710270E947B0CBA
:10561000C8010F900F90DF91CF911F910F910895C6
:105620000F931F93CF93DF9300D0CDB7DEB7FC016C
:10563000248510E000E02830D8F48C01CE010196DA
:105640000E94A31789819A810E94470D22E030E0D1
:10565000AE014F5F5F4F64E070E0F80184850E9407
:10566000DA2209811A811027012710270E947B0C5A
:10567000C8010F900F90DF91CF911F910F91089566
:105680000F931F93CF93DF9300D0CDB7DEB78C017C
:1056900086EC9BEFF801808391831282138214823F
:1056A0001582CE0101960E94A31789819A810E94DA
:1056B000470DB8016E5F7F4F44E050E08FE090E00F
:1056C0000E94A11E0E947B0CC8010F900F90DF91D9
:1056D000CF911F910F910895E1E8F9E280E8DF0191
:1056E0001D928A95E9F710922A290895CF93DF93A6
:1056F000C82FD0E0FE01E058F64D80818F3319F4B9
:1057000081E08093042A8091082B823059F48091A3
:10571000642B813039F041E060910B2B80910A2B92
:105720000E947B19BE0181E899E20E94BF19809115
:10573000032A9091082B9230C1F4811118C00E9465
:1057400066198091582B82FF04C08DE498E10E9475
:10575000C11D8091022A81110E94051E0E946C2B9E
:105760001092012ADF91CF910895882351F310926E
:10577000032AE7CFEF92FF920F931F93CF93DF930C
:10578000E1E8F9E290E0AC01425051099F01215853
:105790003942241735071CF422812193F7CFFC01ED
:1057A000E158F64D10828058964DFC011082809190
:1057B000022A882321F089E69BE20E941F1C809127
:1057C0008129882379F18D3069F18A3059F162E6B7
:1057D0007CEF81E899E20E946657EC0188E5E82EAB
:1057E0008AEFF82E10E000E0BE01F7018081918180
:1057F0000E94015C892B49F10F5F1F4FF6E0EF0E0D
:10580000F11C0C32110581F70E94B91C0BC00990E4
:105810000020E9F70480F581E02D8881882391F04C
:10582000CE0109950E946C2B1092012A8091022AC8
:10583000882349F1DF91CF911F910F91FF90EF9055
:105840000C94051E90E080E0ECCF86E0809FF00194
:10585000819FF00D1124E85AF5402091082B30E08B
:105860008281938128233923232B89F60E94B91C36
:105870008091022A8823B1F261E278E189E69BE215
:105880000E94A71CCFCFDF91CF911F910F91FF9066
:10589000EF900895DC0186EC9BEF8D939D9384E05F
:1058A000FB0101900D928A95E1F70895EF92FF9226
:1058B0000F931F93CF93DF9300D000D0CDB7DEB707
:1058C0008C017B01FB0184858830A0F086EC9BEF86
:1058D000F801808391831282138214821582C80199
:1058E0002496CDBFDEBFDF91CF911F910F91FF9026
:1058F000EF900895CE0101960E94A31789819A81A5
:105900000E94470D24E030E0AE014F5F5F4F6CE036
:1059100070E0F70184850E94DA220E947B0CBE01B0
:105920006F5F7F4FC8010E944A2CD9CF7F928F9220
:105930009F92AF92BF92CF92DF92EF92FF920F931E
:105940001F93CF93DF93CDB7DEB7A697CDBFDEBF52
:105950008C01762E942E852E20E2A22ECE01019669
:105960007C01DC01EA2D1D92EA95E9F76801F3E478
:10597000CF0ED11C86EC9BEF89A39AA38FEF8BA34C
:105980008CA38DA38EA343E450E0BE016F5D7F4FD7
:10599000C6010E94A917019609F4BFC081E089835E
:1059A0008A8386E0B82EBB821C82D80114966D9142
:1059B0007D918D919C9117970E94EE5A6D837E8305
:1059C0008F83988789869A8680E890E08B879C876A
:1059D0004CE150E0B701C6010E94A525FE013796B3
:1059E0008AE1DF011D928A95E9F74801B8E08B0E44
:1059F000911CF401D70101900D92BA94E1F740E1B6
:105A000050E0B701C6010E94A525F7011192AA94A2
:105A1000E9F796E0A92EB12C40E250E0B701C601AB
:105A20000E94A525F1E0AF1AB108B1F783E689839A
:105A300092E89A8393E59B838C8385E38D8381E051
:105A40008E837F829DE3988797E099878A8786E097
:105A5000F401DE011B9601900D928A95E1F78CE02E
:105A6000898B8A8B67EE7BEFCE0143960E94145C94
:105A7000D8011B966C91CE0149960E94370EF80111
:105A80006485CE014B960E94370ED8011D966C910D
:105A9000CE014D960E94370E4EE150E0B701C6018F
:105AA0000E94A525B3E07B121EC082E3898384E0B7
:105AB0008A83F80196859B8397859C8390899D8333
:105AC00091899E8396E39F838887828D8987838DC2
:105AD0008A87848D8B87858D8C874CE050E0B70159
:105AE000C6010E94A52587E3898386E08A8391E029
:105AF0009B8393E09C838D838FE08E838AE38F83E7
:105B00008BE388878FEF898749E050E0B701C601B2
:105B10000E94A525C6010E949222A696CDBFDEBF97
:105B2000DF91CF911F910F91FF90EF90DF90CF9079
:105B3000BF90AF909F908F907F9008950F931F9389
:105B4000CF93DF93CDB7DEB72897CDBFDEBF8C01F3
:105B5000D80159964D915C915A974115510551F0D4
:105B6000ED91FC91028CF38DE02D70E060E0C801B6
:105B70000995EECFF801808D0E942226892B99F19C
:105B800048E050E0BE016F5F7F4FD80158968C917E
:105B90000E94E22718161906F4F4D801509684E002
:105BA000FE01319601900D928A95E1F78D8190E08A
:105BB000982F88272E81820F911DF801848B958B59
:105BC0008F81282F30E0322F22278885820F932F54
:105BD000911D818F928F2896CDBFDEBFDF91CF912F
:105BE0001F910F91089590E080E0F5CF4F925F9262
:105BF0006F927F928F929F92AF92BF92CF92DF92DD
:105C0000EF92FF920F931F93CF93DF93CDB7DEB741
:105C10006397CDBFDEBF7C016B013A01FB0120E041
:105C200090E080E06AE03191332309F461C040EDF7
:105C3000430F4A3008F04DC0689FA001699F500D86
:105C40001124CA01C097830F911D37FD9A958F3F8C
:105C5000910549F340F3F7014281538164817581D5
:105C60008091482A9091492AA0914A2AB0914B2AC2
:105C7000481759076A077B0709F40AC28701085FBA
:105C80001F4F0E94F00F6F7077277C5FC8010E9442
:105C9000ED29813009F001C286EC9BEF89839A835C
:105CA000F70182819381A481B5818B839C83AD832D
:105CB000BE8345E350E0BE016F5F7F4FC8010E9485
:105CC000A917892B91F5D12CC12CC8010E94DE2186
:105CD00017C03E3209F0BFCF233009F4BCCFD30147
:105CE000A20FB11D12968C932F5F90E080E09BCFA6
:105CF000233009F0B0CFF3018583CC24C394D12C99
:105D0000C6016396CDBFDEBFDF91CF911F910F918A
:105D1000FF90EF90DF90CF90BF90AF909F908F90CB
:105D20007F906F905F904F9008950E94F00FF70161
:105D30006683778342E050E0B7016A5F7F4FC80116
:105D40000E94A52581E090E089839A8342E050E09B
:105D5000BE016F5F7F4FC8010E94A52580E091E0E2
:105D600089839A8342E050E0BE016F5F7F4FC80194
:105D70000E94A52519821A8242E050E0BE016F5FA1
:105D80007F4FC8010E94A52542E050E0BE016F5F31
:105D90007F4FC8010E94A52542E050E0BE016F5F21
:105DA0007F4FC8010E94A5255601F60180818823F6
:105DB00001F16501F60181912F01882311F08E32E6
:105DC000B1F446018A189B081814190474F48D86DE
:105DD00041E050E0BE01635F7F4FC8010E94A525EE
:105DE000A401B501C8010E94A5255201DECF6201C0
:105DF000E1CF1D8641E050E0BE01635F7F4FC801E7
:105E00000E94A525C12CDD24D394C982DA8242E008
:105E100050E0BE016F5F7F4FC8010E94A525C98277
:105E2000DA8242E050E0BE016F5F7F4FC8010E94FE
:105E3000A525C8010E949222892B09F444CFF3E0E2
:105E4000AF2EB12C230122E0420E511CD4C0F70129
:105E50004281538164817581808D918DA28DB38D36
:105E6000481759076A077B0709F008C1848D958D8B
:105E7000C59709F003C181A192A15DEFC52EDD2474
:105E8000DA940C970CF4ADC04CE050E0BE016F5FAB
:105E90007F4FC8010E94B6288B819C819827892753
:105EA0009827898B9A8BF7014681578129813A81FE
:105EB0004217530709F0E7C097FFE5C08F70927053
:105EC0003BEFC32EDD24DA94892B09F08AC06F8062
:105ED00078847624672476242AEFC22EDD24DA948F
:105EE0006114710409F47DC0D12CC12C8D819E8177
:105EF000982789279827C816D906F8F441E050E07A
:105F0000BE01635F7F4FC8010E94B6284D854423C0
:105F100031F050E070E060E0C8010E94B6288D8545
:105F20008111ECCF44E050E070E060E0C8010E94D5
:105F3000B628FFEFCF1ADF0AD9CF912C812C41E090
:105F400050E0BE016D5E7F4FC8010E94B6284B89AC
:105F5000842F807C09F06CC0442331F050E070E065
:105F600060E0C8010E94B6288B898111E8CF42E029
:105F700050E0BE01615F7F4FC8010E94B62842E039
:105F800050E0BE01635F7F4FC8010E94B62844E025
:105F900050E070E060E0C8010E94B62842E050E0A6
:105FA000BE016F5E7F4FC8010E94B6288F85988919
:105FB00049895A898115914009F043C0CD84DE8416
:105FC000DC24CD24DC2481E0C816D104D1F54115B0
:105FD000544009F04AC044E050E0B201C8010E94B8
:105FE000B62821E0A21AB10809F46FCEFFEFCF1650
:105FF000DF0609F06ACE0E94F00F3B014C01C80198
:106000000E949E2D181619060CF421CF0E94F00F45
:1060100066197709880999096938734181059105DD
:1060200048F562E370E080E090E00E94C00FE7CFA7
:1060300041E050E070E060E0C8010E94B6281B8A91
:1060400093CF54274527542770E060E0C8010E9491
:10605000B628FFEF8F1A9F0A6814790409F06FCFF2
:1060600096EFC92EDD24DA94BCCFE7EFCE2EDD24E7
:10607000DA94B7CFCC24CA94DC2CB3CF6EEFC62E03
:10608000DD24DA94AECF4CEFC42EDD24DA94A9CF10
:106090008EEFC82EDD24DA9433CED12CC12C30CE35
:1060A000CF92DF92EF92FF920F931F93CF93DF93E4
:1060B000CDB7DEB7AF97CDBFDEBF7C016A0106EC7E
:1060C0001BEF09831A831B861C8688EE93E0A0E0F1
:1060D000B0E08D879E87AF87B88B80E799EF89877F
:1060E0009A870F8B188F198E1A8E1B8E1C8E88E044
:1060F00089A30AA71BA71CA61DA61EA61FA68091E2
:10610000F72A9091F82AA091F92AB091FA2A8EA341
:106110009FA3A8A7B9A78B839C83AD83BE831F824F
:106120001886AE01465D5F4FCE0101960E94F62DA6
:1061300081309105B1F4D701ED91FC910288F3898A
:10614000E02D0CA31DA38CA59DA5AEA5BFA58EA378
:106150009FA3A8A7B9A7A601BE016C5D7F4FC70189
:106160000995AF96CDBFDEBFDF91CF911F910F9103
:10617000FF90EF90DF90CF900895CF92DF92EF9253
:10618000FF920F931F93CF93DF93CDB7DEB7AF97F7
:10619000CDBFDEBF8C016B017A0186EC9BEF89835A
:1061A0009A831B821C821D821E821B861C8648EEDF
:1061B00053E060E070E04D875E876F87788B20E763
:1061C00039EF29873A878F8B988F198E1A8E1B8EFD
:1061D0001C8E28E029A38AA79BA71CA61DA61EA685
:1061E0001FA6D8011C968C91883060F40E94EF2184
:1061F000882321F0F80184850E94A62188E0D80137
:106200001C968C938091F72A9091F82AA091F92AF4
:10621000B091FA2A8EA39FA3A8A7B9A78B839C83CA
:10622000AD83BE831F821886AE01465D5F4FB60107
:10623000CE0101960E94F62D0097C1F0D801ED9194
:10624000FC910684F785E02D86EC9BEF8CA39DA343
:106250008CA59DA5AEA5BFA58EA39FA3A8A7B9A7F2
:10626000A701BE016C5D7F4FC8010995AF96CDBFF8
:10627000DEBFDF91CF911F910F91FF90EF90DF90E4
:10628000CF9008950F931F93CF93DF93EC018881F4
:106290009981009759F02A813B812617370730F002
:1062A00081E0DF91CF911F910F9108958B016F5F76
:1062B0007F4F0E941E5B009759F0888399830A8361
:1062C0001B832C813D81232B59F7FC011082E8CFE1
:1062D00080E0E7CFCF93DF93EC0170E060E00E94B5
:1062E00042312881398181110FC02115310519F002
:1062F000C9010E94DC54188219821C821D821A82F4
:106300001B82DF91CF9108951C821D8264E67CEF91
:10631000C901DF91CF910C94145CEF92FF920F931F
:106320001F93CF93DF93EC017B01FB0101900020D1
:10633000E9F731978F01061B170BB8010E94423114
:1063400028813981811113C02115310519F0C90146
:106350000E94DC54188219821C821D821A821B82C0
:10636000DF91CF911F910F91FF90EF9008950C83D3
:106370001D83B701C901DF91CF911F910F91FF904C
:10638000EF900C94145CEF92FF920F931F93CF93B6
:10639000DF9300D0CDB7DEB78C0169831A82FC0190
:1063A000E480F580FFEFEF1AFF0AB7010E94423147
:1063B000882381F0F8012081318184819581BE019B
:1063C0006F5F7F4F820F931F0E94145CF801E4827D
:1063D000F58281E00F900F90DF91CF911F910F9187
:1063E000FF90EF9008958F929F92AF92BF92EF929D
:1063F000FF921F93CF93DF93FC0124A1283028F54F
:10640000162FEC017C01F7E2EF0EF11CC7010E9490
:10641000C3310E94F00F4B015C014BA55CA51A3003
:1064200021F0411584E0580768F06FA178A5CE01EE
:1064300048960E948A25C7010E946A318DAA9EAAA9
:10644000AFAAB8AE81E090E002C090E080E0DF91BA
:10645000CF911F91FF90EF90BF90AF909F908F9042
:1064600008953F924F925F926F927F928F929F9288
:10647000AF92BF92CF92DF92EF92FF920F931F9352
:10648000CF93DF93CDB7DEB7EA97CDBFDEBF7C01F8
:106490002A013B0169010E94F00F4B015C01870159
:1064A0000D5B1F4FC8010E949E2D181619069CF007
:1064B0000E94F00F681979098A099B094616570648
:1064C0006806790608F462C162E370E080E090E05B
:1064D0000E94C00FE7CF42E250E0BE016F5F7F4FE6
:1064E000C8010E94B62889818230B9F0312C832DF1
:1064F000EA96CDBFDEBFDF91CF911F910F91FF9044
:10650000EF90DF90CF90BF90AF909F908F907F9053
:106510006F905F904F903F900895F801848995891E
:106520008334910519F76D817E818F8198850E9452
:10653000EE5A4B015C01F60180829182A282B38205
:1065400046E050E0B701685F7F4FCE014D960E9454
:10655000E45B892B59F6F70180819181A281B38197
:1065600088169906AA06BB0608F284819581A68141
:10657000B78188159905AA05BB0508F4B7CF8989A5
:106580009A89AB89BC8986879787A08BB18B4EECA3
:1065900050E070E060E0C8010E94B628312CC701CD
:1065A00082968FA798ABF701B696E9ABFAAB08963F
:1065B0008BAB9CAB67019AE1C90ED11CBD96EDABCC
:1065C000FEABC70142968FAB98AFFD97E9AFFAAF2C
:1065D0004701FEE18F0E911CF801818D928D1816F6
:1065E00019060CF084CFC8010E94D5288333910589
:1065F00009F4B2C014F58130910509F464C044F483
:10660000892B51F3C8010E94D528AC01552775C0CC
:106610008330910509F462C00697A1F7C8010E9472
:10662000D528B82E44E050E0B401C8010E94B62835
:10663000EB2DE450FF0BAF0160C08A33910509F4E4
:106640005FC084F585339105B1F1C697D9F6C801CD
:106650000E94D5285C01B601CE0189960E944A2C81
:106660008BA59CA5ADA5BEA5892B8A2B8B2BB1F044
:10667000EDA9FEA94080518062807380B601CE01F1
:1066800083960E944A2C8DA19EA1AFA1B8A5A50119
:10669000481659066A067B0609F0B8CF44E050E078
:1066A000B60118C08B33910509F440C08F3F9105A6
:1066B00009F492CFA7CFC8010E94D528C8010E9433
:1066C000D528382E89CFC8010E94D52844E050E053
:1066D0006FA978ADC8010E94B6287ECFC8010E947C
:1066E000D528B82E44E050E069AD7AADC8010E94CB
:1066F000B6288B2D8450990BAC0170E060E0EACF96
:10670000C8010E94D52844E050E069A97AA9C801CF
:106710000E94B628F70166A177A180A591A50E94E5
:10672000EE5A66A377A380A791A756CFC8010E940F
:10673000D52844E050E06BA97CA9C8010E94B62886
:10674000F70162A573A584A595A50E94EE5A62A7DC
:1067500073A784A795A740CFC8010E94D52844E01D
:1067600050E06FA578A9C8010E94B628F70162A180
:1067700073A184A195A10E94EE5A62A373A384A37E
:1067800095A366A777A780AB91AB26CF33243A9425
:10679000AECE2F923F924F925F926F927F928F92E6
:1067A0009F92AF92BF92CF92DF92EF92FF920F93A0
:1067B0001F93CF93DF93CDB7DEB72697CDBFDEBF54
:1067C0008C010E94B1552FEC37E040E050E00E9470
:1067D000765ADC01CB010196A11DB11DF80184831D
:1067E0009583A683B78380839183A283B383580163
:1067F000F3E4AF0EB11CC5010E94DE2164E470E039
:10680000C5010E94ED29882309F442C10E94F00FBE
:106810002B013C01480182E4880E911C48EEC42EF5
:1068200043E0D42EE12CF12C52E0252E1D821E8255
:10683000D4018C918330B1F1811163C0F80184815E
:106840009581A681B7810196A11DB11D8483958391
:10685000A683B7830E94F00F64197509860997090A
:10686000A70196010E94545AA90161E0C8010E9443
:10687000962C81E0D4018C938D819E810197C1F289
:106880000E94F00F6419750986099709D801D696F8
:106890002D913D914D915C91D99726173707480767
:1068A000590720F6C5010E94DE21F80184819581F7
:1068B000A681B7810196A11DB11D84839583A6830E
:1068C000B7830E94F00FF801FE9660837183828384
:1068D00093838D819E812696CDBFDEBFDF91CF91C0
:1068E0001F910F91FF90EF90DF90CF90BF90AF90EE
:1068F0009F908F907F906F905F904F903F902F90E0
:1069000008958430F1F4F80184819581A681B781DE
:106910000196A11DB11D84839583A683B7830E9430
:10692000F00F6419750986099709A70196010E945D
:10693000545AA90163E0C8010E94962CD4012C92FC
:106940009BCF813051F5F80142AD53AD64AD75ADCB
:106950009E012F5F3F4FC8010E943132382EF2E076
:106960008F1390C089819A81AB81BC81F8018483A7
:106970009583A683B7830E94F00F64197509860971
:106980009709A70196010E94545AA90163E0C80122
:106990000E94962CD4013C926FCF823009F06CCFCC
:1069A000F80142AD53AD64AD75AD9E012F5F3F4F11
:1069B000C8010E943132382EF5E08F135DC0E3E04C
:1069C000D401EC93F80182A193A1A4A1B5A1892BD4
:1069D0008A2B8B2B41F484E893E0A0E0B0E082A303
:1069E00093A3A4A3B5A3F80186A197A1A0A5B1A5DF
:1069F000892B8A2B8B2B61F482A193A1A4A1B5A131
:106A0000B695A7959795879586A397A3A0A7B1A7B5
:106A1000F80182A593A5A4A5B5A5892B8A2B8B2B5C
:106A2000A9F482A193A1A4A1B5A1AC01BD0123E069
:106A300076956795579547952A95D1F7841B950BC1
:106A4000A60BB70B82A793A7A4A7B5A7F80186A1A9
:106A500097A1A0A5B1A586A797A7A0ABB1AB82A52A
:106A600093A5A4A5B5A582AB93ABA4ABB5AB81E0D0
:106A700090E08D839E8300CF96E0891303C0D401FC
:106A80001C92FACEBFEF3B12F7CEF4011082F4CE87
:106A90001D821E821ECFEF92FF920F931F93CF9302
:106AA000DF93CDB7DEB76297CDBFDEBF1F821886FA
:106AB00019861A861B861C8664E67CEFCE01079633
:106AC0000E948D3186EC9BEF8D879E871F86188AEA
:106AD000198A1A8ACE0101960E94402B8B819C81D3
:106AE000AD81BE818F87988BA98BBA8B6BE474E1E3
:106AF0008CE49AE20E941210BE01635F7F4F8CE427
:106B00009AE20E94661C63E374E18CE49AE20E94BC
:106B1000121069E57BE2CE0101960E944A2C8B811E
:106B20009C81AD81BE818F87988BA98BBA8B892B75
:106B30008A2B8B2B09F040C069E274E18CE49AE265
:106B40000E94A71C60EF73E18CE49AE20E9412108D
:106B500064E67CEF8CE49AE20E947A1CBE01695FD5
:106B60007F4F8CE49AE20E948C1C0E94231ECE016F
:106B700007960E946A3100E08CE49AE20E94941029
:106B800018161906CCF78CE49AE20E947210182F9E
:106B9000E82E880FFF08C7010E94DD5B892BA1F05A
:106BA000003450F7612FCE0107960E94C331C70110
:106BB0000E9415120F5FE0CFBE01635F7F4F8CE430
:106BC0009AE20E94661CBECF1A3049F1C4F4183014
:106BD00099F6002389F288E090E00E941512015096
:106BE0002B853C85C90101978217930728F6EF8111
:106BF000F885E80FF91F8B879C871082BDCF1D3069
:106C000071F01B3109F0B8CFCE0107960E946A31AE
:106C100068E873E18CE49AE20E94A71C6EC062E00F
:106C200070E080E090E00E94C00F8CE49AE20E9445
:106C3000941018161906FCF0EF81F88520E090E01A
:106C400080E06AE03191332391F140ED430F4A3007
:106C5000F8F4689FA001699F500D1124CA01C097E4
:106C6000830F911D37FD9A958F3F910559F350F38E
:106C70006AE973E1CFCF8CE49AE20E9486108A30F1
:106C800011F08D30C9F68CE49AE20E947210D4CFD4
:106C90003E3271F7233061F3AFE0B0E0AC0FBD1FBF
:106CA000A20FB11D8C932F5F90E080E0CBCF2330FB
:106CB000F9F68A8B63ED73E18CE49AE20E9412107C
:106CC000BE01635F7F4F8CE49AE20E94661C66EB14
:106CD00073E18CE49AE20E94A71C8F858093592B64
:106CE000888980935A2B898980935B2B8A8980932A
:106CF0005C2B86E09BE20E942C178F8198850E9476
:106D0000DC546296CDBFDEBFDF91CF911F910F9112
:106D1000FF90EF9008950F931F93CF93DF93009709
:106D200009F48EC06EEE7BEF0E946657EC010E9464
:106D30000B1E811107C082E0DF91CF911F910F914F
:106D40000C94B31D4AE050E070E060E0CE010E9478
:106D50000956D62F862F972F8F31910560F72091F6
:106D6000092B2817190639F36EEE7BEF90E080E0CF
:106D70000E9466578C010E940B1ECFEF8823D9F02A
:106D80004AE050E070E060E0C8010E940956AB01A3
:106D90006F31710510F4405A5F4F9A012056310946
:106DA0002F31310540F6C42F6AE679EF90E080E09C
:106DB0000E9466578C01F80101900020E9F7329794
:106DC00080818F3319F481E08093042A41E06C2F95
:106DD0008D2F0E947B19F80101900020E9F731976F
:106DE000BF01601B710BC8010E94BF1980910E2B5F
:106DF000813031F0823031F58091042A882311F1FD
:106E000042E06C2F8D2F0E947B1920E040E06091C2
:106E1000072B89E69BE20E94271A8091582B81FF5D
:106E200004C085E493E10E94C11D8091042A811170
:106E30001092042ADF91CF911F910F910C94661943
:106E400081E07ACFDF91CF911F910F9108958F92BA
:106E50009F92AF92BF92CF92DF92EF92FF920F93E9
:106E60001F93CF93DC01EC91E1110EC0C1E08C2F98
:106E7000CF911F910F91FF90EF90DF90CF90BF9037
:106E8000AF909F908F90089569017A014B018C011A
:106E90000E940B1E882351F34AE050E070E060E04E
:106EA000C8010E940956B12CA12C681579058A05E4
:106EB0009B0540F0870130E020E006171707280700
:106EC000390700F582E00E94B31DC091022ACC234D
:106ED00069F26DE573E089E69BE20E9412102AE0F8
:106EE000B501A40189E69BE20E943D1B67E573E0C2
:106EF00089E69BE20E941210B70189E69BE20E949C
:106F0000351CB5CFF60160837183C0E0B0CFCF935D
:106F1000DF9300D000D0CDB7DEB719821A821B8272
:106F20001C820097C9F16EEE7BEF0E9466579E01AE
:106F30002F5F3F4F47E050E070E060E00E9427374E
:106F400081111FC089819A81892B99F06EEE7BEFA8
:106F500090E080E00E9466570097C9F09E012D5F87
:106F60003F4F47E050E061E070E00E942737811119
:106F700008C08B818295880F807E9981890F8093CC
:106F8000582B2496CDBFDEBFDF91CF91089581E0CD
:106F900090E08B839C83EDCF6091582B6F7170E0F4
:106FA00089E69BE20E94831B8091582B803288F0F7
:106FB0006CE289E69BE20E940B106091582B70E016
:106FC00085E0759567958A95E1F789E69BE20E94D1
:106FD000831B89E69BE20E941F1CD3CFCF93DF93D4
:106FE00000D0CDB7DEB70097B9F19E012F5F3F4FBC
:106FF00042E050E070E060E00E942737811127C036
:1070000089818093572B8091022A882301F167E3BD
:1070100073E189E69BE20E94121089819A816AEFEE
:107020007BEF892B11F062EF7BEF89E69BE20E94F8
:10703000E51D89819A81029731F463E273E189E663
:107040009BE20E94121089E69BE20E941F1C0F9097
:107050000F90DF91CF9108956091572B89E69BE2C5
:107060000E94231CF4CFEF92FF921F93CF93DF93E4
:1070700000D0CDB7DEB70097B1F09E012F5F3F4F34
:1070800049E050E070E060E00E942737811103C0C2
:10709000898180932C290F900F90DF91CF911F91C0
:1070A000FF90EF9008958AE5E82E86E1F82E10E033
:1070B000F701859194910E945D57892B59F0612FBA
:1070C00089E69BE20E94DA1B65EE7BEF89E69BE294
:1070D0000E94E51D1F5F82E0E80EF11C1A3041F7A7
:1070E00089E69BE20E941F1CD6CF1F93CF93DF93AC
:1070F00000D0CDB7DEB70097D9F09E012F5F3F4F8C
:107100004EE150E070E060E00E942737811110C02E
:1071100089819A812091092B2817190679F482E038
:107120000E94B31D8091022A68EA71E1811128C092
:107130000F900F90DF91CF911F91089541E06FEF75
:107140000E947B19882309F111E08091022A88238B
:1071500029F166E871E189E69BE20E9412104981FB
:107160005A8170E060E02AE089E69BE20E943D1BC4
:107170001123B1F08091022A6DE771E18823C1F2F9
:1071800089E69BE20E94A71CD3CF89E00E94521996
:107190008111DACF0E947919182FD7CF1111C8CFDA
:1071A0008091022A882331F061E771E189E69BE250
:1071B0000E94A71C0E942C198091022A882309F49E
:1071C000B7CF68E571E1DCCFEF92FF920F931F9389
:1071D000CF93DF9300D000D0CDB7DEB7009709F48E
:1071E00070C062E67CEF0E946657FC01208121118D
:1071F00025C062E67CEF90E080E00E946657FC01CB
:107200002081211130C063E07CEF90E080E00E949B
:1072100066578C01FC018081F12CE12C81112FC07B
:1072200082E00E94B31D8091022A66E471E1882306
:1072300081F089E69BE20E94A71C0BC09E012F5F94
:107240003F4F4FEF50E062E070E00E942737882305
:1072500081F22496CDBFDEBFDF91CF911F910F91B8
:10726000FF90EF9008959E012D5F3F4F40E355E75B
:1072700070E060E00E9427378111EBCFC4CF898195
:107280009A81E816F90628F7F80101900020E9F73D
:107290003197BF01601B710BC8010E94BF196B8140
:1072A0007C8190E080E00E94C00F20E040E060918F
:1072B000072B89E69BE20E94271AFFEFEF1AFF0ACD
:1072C000DECF81E00E94B31D8091022A882309F25B
:1072D00063E371E1AECFCF93DF9300D0CDB7DEB7DC
:1072E000009769F19E012F5F3F4F41E050E070E051
:1072F00060E00E942737811116C089819A8100972A
:10730000B9F00197C1F08091022A882361F0809141
:10731000262962E17CEF882311F066E07CEF89E6A4
:107320009BE20E947A1C0F900F90DF91CF910895FD
:1073300010922629E8CF81E080932629E4CF60913E
:10734000262970E089E69BE20E944B1CECCFCF938C
:10735000DF9300D0CDB7DEB70097C9F09E012F5F55
:107360003F4F42E050E070E060E00E94273781111B
:1073700009C0898180932529882321F0109224292E
:10738000109223290F900F90DF91CF910895809153
:10739000022A8823B1F06DE271E189E69BE20E9446
:1073A0001210809125296FE171E1813031F063E1A4
:1073B00071E1823011F06FE071E189E69BE20E9499
:1073C000A71C6091252989E69BE20E94231CDACF45
:1073D000CF93DF9300D0CDB7DEB70097A1F19E0128
:1073E0002F5F3F4F41E050E070E060E00E942737A0
:1073F000811124C089819A8121E0009709F420E05D
:1074000020932329892B21F01092252910922429D9
:107410008091022A882391F068E071E189E69BE27D
:107420000E94121089819A816BE17CEF892B11F007
:107430006FE07CEF89E69BE20E947A1C0F900F9030
:10744000DF91CF9108956091232970E089E69BE256
:107450000E944B1CF3CFCF93DF9300D0CDB7DEB7A4
:10746000009779F19E012F5F3F4F41E050E070E0BF
:1074700060E00E94273781111FC061E089819A81F5
:10748000892B09F060E085E10E94A70E8091022A15
:10749000882391F062E071E189E69BE20E9412107C
:1074A00089819A816CE27CEF892B11F06FE17CEF8E
:1074B00089E69BE20E947A1C0F900F90DF91CF919A
:1074C000089585E10E94E60E61E070E0882311F0E6
:1074D00070E060E089E69BE20E944B1CEDCFCF9309
:1074E000DF9300D0CDB7DEB7009719F19E012F5F73
:1074F0003F4F4FE050E070E060E00E94273781117D
:1075000013C089818093422B8091022A882361F0E5
:107510006CED70E189E69BE20E94121069817A812C
:1075200089E69BE20E94351C0F900F90DF91CF916E
:1075300008958091422B883010F01092422B609178
:10754000422B89E69BE20E94231CEECFCF93DF9370
:1075500000D0CDB7DEB70097A1F19E012F5F3F4F5E
:1075600041E050E070E060E00E942737811124C0C4
:1075700089819A8121E0009709F420E02093242951
:10758000892B21F010922529109223298091022A1B
:10759000882391F06FEA76E089E69BE20E94121060
:1075A00089819A816BE17CEF892B11F06FE07CEF90
:1075B00089E69BE20E947A1C0F900F90DF91CF9199
:1075C00008956091242970E089E69BE20E944B1C9B
:1075D000F3CFCF93DF9300D0CDB7DEB719821A82F5
:1075E0000097D9F09E012F5F3F4F4FEF50E070E0C2
:1075F00060E00E942737811109C0898180930D2B9B
:1076000060E486FF08C080E00E9494150F900F9000
:10761000DF91CF91089580E4F7CF60910D2B89E63B
:107620009BE20E94231CF2CFAF92BF92CF92DF92D7
:10763000EF92FF920F931F93CF93DF93CDB7DEB7F7
:107640006197CDBFDEBF5C01CE0101967C018FE06A
:10765000F70111928A95E9F7188A198A670100E003
:10766000A114B10409F580910A2B898301E0670117
:1076700010E0C6018E199F09801791070CF04DC0CC
:1076800041E06FEFF60181916F010E947B19882321
:10769000C9F18091022A882339F16AED75E089E603
:1076A0009BE20E94A71C20C062E67CEFC50100237C
:1076B00011F090E080E00E946657009799F09E01DB
:1076C000205F3F4F4EE150E061E070E00E942737BD
:1076D00081110AC08889F60181936F010F5F0F3015
:1076E00019F7C5CF0111C3CF6196CDBFDEBFDF91C2
:1076F000CF911F910F91FF90EF90DF90CF90BF90AF
:10770000AF90089588E00E9452198111C2CF0E9463
:107710007919882309F4ADCFBCCF82E00E94B51857
:107720008091022A882301F361EC75E0B8CFCF93F2
:10773000DF9300D0CDB7DEB7009781F19E012F5FB8
:107740003F4F43E050E070E060E00E942737811136
:107750002BC089819A81892B81F08091022A88230C
:1077600061F06FE974E089E69BE20E94A71C68E67D
:1077700074E089E69BE20E94A71C898180930E2B0E
:10778000833010F410922B298091022A882361F013
:107790006CE574E089E69BE20E94121060910E2B6A
:1077A00089E69BE20E94231C0F900F90DF91CF91FE
:1077B0000895CF93DF9300D0CDB7DEB7009719F1CE
:1077C0009E012F5F3F4F4FEF50E070E060E00E945E
:1077D0002737811113C089818093112B8091022A50
:1077E000882361F06FE374E089E69BE20E94121047
:1077F00069817A8189E69BE20E94351C0F900F9087
:10780000DF91CF9108956091112B062E000C770B1C
:1078100089E69BE20E944B1CF1CFCF93DF9300D00F
:10782000CDB7DEB7009771F19E012F5F3F4F41E06A
:1078300050E070E060E00E94273781111EC081E0B7
:1078400029813A81232B09F480E08093062B8091D3
:10785000022A882391F062E274E089E69BE20E94AA
:10786000121089819A816BE17CEF892B11F06FE016
:107870007CEF89E69BE20E947A1C0F900F90DF91CB
:10788000CF9108956091062B70E089E69BE20E94FB
:107890004B1CF3CFCF93DF9300D0CDB7DEB700976B
:1078A00091F19E012F5F3F4F41E050E070E060E0BA
:1078B0000E94273781111CC089819A810097E9F0C5
:1078C0000197F1F08091022A882391F06AE074E038
:1078D00089E69BE20E94121089819A8167E47CEF1D
:1078E000892B11F06CE37CEF89E69BE20E947A1C05
:1078F0000F900F90DF91CF9108950E942C19E2CF45
:107900000E943819DFCF61E070E08091082B82304F
:1079100011F070E060E089E69BE20E944B1CE8CF2A
:10792000CF93DF9300D0CDB7DEB7009771F19E0102
:107930002F5F3F4F41E050E070E060E00E9427374A
:1079400081111EC081E029813A81232B09F480E056
:107950008093072B8091022A882391F066EF73E0D1
:1079600089E69BE20E94121089819A816BE17CEF8B
:10797000892B11F06FE07CEF89E69BE20E947A1C74
:107980000F900F90DF91CF9108956091072B70E0D9
:1079900089E69BE20E944B1CF3CFCF93DF9300D08C
:1079A000CDB7DEB7009719F19E012F5F3F4F43E03F
:1079B00050E070E060E00E942737811113C0898198
:1079C00080930C2B8091022A882361F069EE73E08A
:1079D00089E69BE20E94121069817A8189E69BE226
:1079E0000E94351C0F900F90DF91CF910895609108
:1079F0000C2B89E69BE20E94231CF4CFCF93DF93EC
:107A000000D0CDB7DEB7009779F19E012F5F3F4FD1
:107A100040E05DE761E070E00E94273781111FC000
:107A200089819A8180930F2B9093102B8091022A49
:107A30008823A9F062ED73E089E69BE20E941210B0
:107A400049815A8170E060E02AE089E69BE20E9469
:107A50003D1B64EC73E089E69BE20E94A71C0F903B
:107A60000F90DF91CF91089560910F2B7091102BA3
:107A700089E69BE20E94351CF2CF2F923F924F92F3
:107A80005F926F927F928F929F92AF92BF92CF92AE
:107A9000DF92EF92FF920F931F93CF93DF93CDB7B7
:107AA000DEB76597CDBFDEBF7C01188A198ACE018B
:107AB00001966C018FE0F60111928A95E9F78091A9
:107AC0000F2B9091102B8C8B9D8BCA8ADB8A3E01E9
:107AD00090E1690E711CF6011192E615F705E1F7C8
:107AE00083E290E080930F2B9093102B0FE1E11431
:107AF000F10409F000E0F70101900020E9F7319767
:107B00004F018E189F0810E0A12EB12CA814B904C3
:107B100008F04CC0F701EA0DFB1D80818D3211F099
:107B20001F5FF2CF112309F442C0EFEFAE1ABE0A75
:107B3000AE0CBF1C4AE050E070E060E0C7010E945C
:107B400009561B012C014AE050E070E060E0C501DD
:107B50000E940956261637064806590608F7EEE130
:107B60002E1631044104510440F4122D01E0060F99
:107B70006F31710581059105D0F082E00E94B31D3F
:107B80006596CDBFDEBFDF91CF911F910F91FF9022
:107B9000EF90DF90CF90BF90AF909F908F907F90AD
:107BA0006F905F904F903F902F90089510E044E0C9
:107BB00050E06EE47CEFC7010E941B5C892B09F446
:107BC00057C0011158C06EEE7BEFC701002311F0C2
:107BD00090E080E00E9466575C01009709F44DC078
:107BE000FC0101900020E9F73197E81BF90B33976E
:107BF00020F60E940B1E982E882309F4BECF930115
:107C00004EE150E070E060E0C5010E94273781112D
:107C1000B7CF8889EA89FB898193EA8BFB8B0F5F59
:107C20000F3089F6C10ED11CF12C101798F4E12EFB
:107C3000992011F0F601E0808091092B8E15E9F171
:107C400041E06FEF8E2D0E947B198823C9F083E0FD
:107C50000E94B31D89E69BE20E941F1C8C899D89AE
:107C600080930F2B9093102B82E00E94B51888CF41
:107C7000912C0FE1D7CF912CD5CF99249394D2CFCB
:107C800060E880E80E94941580E496E00E94740FFA
:107C900081E10E94050F8823A9F0FF2029F06CE202
:107CA00089E69BE20E940B106E2D89E69BE20E9402
:107CB000DA1BF39482E00E94B5181F5FFFEFCF1A22
:107CC000DF0AB3CF60E880E00E94941520E6B22E70
:107CD00060E08B2D0E940318B394FFE7BF12F8CF2A
:107CE00060E880E80E94941580E496E00E94740F9A
:107CF00081E10E94050F8823E9F260E880E00E949C
:107D0000941560E08FE30E94031880E2A82EAE0C69
:107D100060E08A2D0E94031890E6B92E60E08B2D5A
:107D20000E94031860E880E80E94941580E496E0C1
:107D30000E94740F81E10E94050F882381F1FF20CA
:107D400029F06CE289E69BE20E940B10F3946E2D01
:107D500089E69BE20E94DA1B6AE389E69BE20E94C5
:107D60000B106B2D89E69BE20E94DA1B60E880E035
:107D70000E94941560E08FE30E94031860E08A2D52
:107D80000E940318B3942FE7B212C8CF60E880E8CE
:107D90000E94941580E496E00E94740F8BCF60E8F7
:107DA00080E00E94941560E08FE5EACF009781F0B3
:107DB00044E050E062E57CEF0E941B5C892B51F4AB
:107DC0000E9487176DEC70E189E69BE20E94A71C78
:107DD0000C94250E82E00E94B31DFACF6F927F9221
:107DE0008F929F92AF92BF92CF92DF92EF92FF92CB
:107DF0000F931F93CF93DF93CDB7DEB76397CDBFBC
:107E0000DEBF6C011A8A188A198A1B8A8E010F5FDD
:107E10001F4F4E0180E1880E911CF801580111920C
:107E20008E169F06E1F7C114D10409F062C080915B
:107E30000A2B8983E12CFF24F3948FE30E945219CB
:107E4000811182C08091092B805E0E94521981119C
:107E50007BC088E10E945219811176C010E000E0D9
:107E6000CF2CD12C0C151D050CF0DEC0EE2009F432
:107E70009FC0088B198B888999892091092B281715
:107E80001906A1F1805C0E94521981115DC085E044
:107E90000E94B518AE014D5E5F4F60E0CE01429684
:107EA0000E94C115813009F0ADC084E00E94B51870
:107EB0008EE1F81285C08A8986FF18C062E776E0F5
:107EC00089E69BE20E941210B80189E69BE20E94BB
:107ED000831B60E776E089E69BE20E9412106A89C4
:107EE00089E69BE20E94231C0EE110E00F5F1F4F0A
:107EF000B9CF43E050E06EE47CEFC6010E941B5C0A
:107F0000892B71F4E090022AEE2009F44CC067E757
:107F100076E089E69BE20E94A71C8EE1F82E8DCFC9
:107F2000F12C62E67CEFC601FF2011F090E080E0CA
:107F30000E9466573C010097C9F10E940B1E8111F7
:107F400015C082E00E94B31D6396CDBFDEBFDF91F6
:107F5000CF911F910F91FF90EF90DF90CF90BF9046
:107F6000AF909F908F907F906F900895F301019054
:107F70000020E9F73197E619F709339710F79401D4
:107F80004EE150E061E070E0C3010E942737E82E27
:107F90008111DACF8889F80181938F01F394FFE092
:107FA000FF12BFCF4ACFEE24E394B7CFE12C45CFE9
:107FB000F501E00FF11F808190E0888B998B5BCFFA
:107FC0006A8989E69BE20E94231C8091022A882309
:107FD000B9F069E576E089E69BE20E9412106A89B1
:107FE00089E69BE20E94DA1B6EE376E089E69BE27B
:107FF0000E9412106889798989E69BE20E94351CEB
:10800000860174CF8091022A882309F46FCF69E139
:1080100076E089E69BE20E9412106889798989E6F8
:108020009BE20E94351C62CFEE2021F089E69BE2A4
:108030000E941F1C89E10E945219811185CF8FE592
:108040000E945219811180CF8FE30E945219811131
:108050007BCF82E00E94B5188091022A882309F420
:1080600073CF62E076E089E69BE20E94A71C6CCFAA
:108070008EE49CEF0C94EE3ECF93DF93EC0185E110
:108080000E94E60E811131C0209769F043E050E074
:108090006EE47CEFCE010E941B5C892B31F5DF91F1
:1080A000CF910C94A91541E060910B2B80910A2B84
:1080B0000E947B19882359F08091022A882381F03D
:1080C00064E875E089E69BE20E94A71C09C081E094
:1080D0000E9452198111F0CF0E9479198111ECCFC1
:1080E00082E0DF91CF910C94B518DF91CF91089584
:1080F000CF93DF93EC0185E10E94E60E811116C05B
:108100002097C9F043E050E06EE47CEFCE010E947E
:108110001B5C892B59F481E10E945219882331F0AC
:108120008091022A66E675E0811114C082E0DF9139
:10813000CF910C94B51841E060910B2B80910A2BE4
:108140000E947B19882359F08091022A882371F3B9
:1081500062E575E089E69BE20E94A71CE7CF81E11A
:108160000E9452198111F0CF0E9479198823F1F2EF
:10817000EBCFCF93DF93009721F480E0DF91CF9195
:108180000895EC0143E050E067E57CEF0E941B5C42
:10819000892B21F481E080932729F0CFFE01019003
:1081A0000020E9F73197EC1BFD0BE130F10551F4AC
:1081B0008881803311F760E06093292981E0809302
:1081C0002829DCCF3597C8F650E040E070E060E049
:1081D000CE010E9409566115710529F06F3F7105A6
:1081E00059F350F3CACF43E050E06BE57CEFCE018A
:1081F0000E941B5C892BF9F2C0CFEF92FF920F9384
:108200001F93CF93DF93C0910A2BD0910B2B109229
:1082100027291092282910922929009709F45BC078
:10822000FC012081203409F06DC021812223D9F185
:108230006FE57CEF01960E946657EC01892B99F15E
:108240006FE57CEF90E080E00E9466578C0161E66C
:108250007CEFCE010E946657EC01892B09F471C0B6
:1082600061E67CEF90E080E00E9466577C0150E080
:1082700040E070E060E0CE010E940956D62F6032E7
:1082800090F4E114F104C1F050E040E070E060E0EF
:10829000C7010E940956C62F6F3108F4C05A80EA00
:1082A0008C0F8F3150F082E0DF91CF911F910F91B1
:1082B000FF90EF900C94B31DCFEF0115110529F03D
:1082C000C8010E94B940882371F37C2F6D2FEB0108
:1082D0006F3F7F4F41F38091642B823029F042E061
:1082E0006D2F8C2F0E947B1980910E2B833079F497
:1082F00081E080932B29DF91CF911F910F91FF9007
:10830000EF9008950E94B9408111E5CFCCCF209124
:108310002929409128296091272989E69BE20E941A
:10832000271A8091582B81FF04C087E395E00E94B3
:10833000C11DDF91CF911F910F91FF90EF900C9491
:108340006619DFEFCFEF0115110509F0B9CFABCFFB
:10835000009751F043E050E065E67CEF0E941B5C23
:1083600067ED74E0892B61F08091122B67E075E076
:10837000882331F062E17BE289E69BE20C947A1C6F
:1083800089E69BE20C94A71C1F93CF93DF93C0E078
:1083900011E089E69BE20E94A727892B09F4A4C07B
:1083A000C111A2C089E69BE20E941929D82F8091B1
:1083B0002A2987FD46C08091022A882339F0DA30C5
:1083C00051F06D2F89E69BE20E940B10DD3019F011
:1083D000C4F4DA30E1F480911C28811118C0809136
:1083E0002A29811116C00E946C2B8091022A8823B1
:1083F00031F089E69BE20E941F1C0E94051EC0E02E
:10840000C8CFDB3109F446C0DB3209F450C08D2FF0
:1084100046C0833040F1909181299B3221F59091A3
:1084200082299B3201F590911B2891111CC08091EB
:108430008329C1E0813219F40E946C2BC3E01092B1
:108440001B2880912A2987FFA4CF809181298B3214
:1084500031F4809182298B3211F4CC23C1F1109335
:10846000032AC2E096CF843010F4C2E0E8CF8091B6
:10847000572B8823D1F345E050E06AE67CEF81E892
:1084800099E20E941B5C892B81F7109322290E949C
:108490006C2BD5CF80911C28882331F08BE10E9472
:1084A000201510921C28CDCF10931C28CACF809184
:1084B0001C28882341F010921C2880912A298230A0
:1084C00010F410931B288BE20E942015BACF8091E4
:1084D000022A882331F061E073E089E69BE20E9482
:1084E000A71C0E946C2B55CF8C2FDF91CF911F9131
:1084F0000895BF92CF92DF92EF92FF920F931F9356
:10850000CF93DF93CDB7DEB72A97CDBFDEBF0097FD
:1085100009F4EBC062E67CEF0E9466577C01DC0147
:108520000D900020E9F76D01FD0101900020E9F7B1
:1085300031978F010A1B1B0B46E050E060E77CEF90
:10854000002309F481C00E941B5C892BD1F5F090B7
:10855000022A8FEF800F8F32E0F4E2E1FBE280E34A
:10856000DF011D928A95E9F7A8015527B601CF01D1
:108570000E94435CFF20C1F06AE173E189E69BE25F
:108580000E94121062E17BE289E69BE20E947A1C63
:108590000BC0FF2031F062EE72E189E69BE20E949F
:1085A000A71C82E00E94B31D2A96CDBFDEBFDF91DB
:1085B000CF911F910F91FF90EF90DF90CF90BF90E0
:1085C000089544E050E067E77CEFC7010E941B5C20
:1085D000892BC9F48FEF800F8F3070F4E3E4FBE256
:1085E00080E1DF011D928A95E9F7A8015527B601C0
:1085F000CF010E94435CD8CF8091022A64EB72E1E4
:10860000882379F2CACF46E050E06CE77CEFC701DF
:108610000E941B5C892B09F068C0B9E0B01760F0BC
:10862000C6010E9412576093532B7093542B809372
:10863000552B9093562BB8CF8091022A68E872E1AF
:10864000882309F4AECFA9CF0E941B5C892B09F4C3
:1086500099CF46E050E063E87CEFC7010E941B5CC5
:10866000892B39F468E572E189E69BE20E94A71C38
:108670009BCF44E050E067E77CEFC7010E941B5CA2
:10868000892B19F463E47BE27FCF46E050E06CE78E
:108690007CEFC7010E941B5C892B39F59091532B0D
:1086A0002091542B3091552B4091562B8AE08E010E
:1086B0000F5F1F4FF801582F11925A95E9F74F930A
:1086C0003F932F939F9329E83CEF3F932F931F9263
:1086D0008F931F930F930E94525CB80189E69BE22F
:1086E0000E947A1CCDBFDEBF5FCF0E94B91C5CCF59
:1086F000FF920F931F93CF93DF93CDB7DEB7E99728
:10870000CDBFDEBFF62E8E010D5C1F4FBC01C80130
:108710000E9442578F2D0E94E60E1F928F931F9248
:10872000FF921F930F938FE89CEF9F938F930253B9
:1087300011091F930F930E94825CB80189E69BE2A6
:108740000E947A1CCDBFDEBFE996CDBFDEBFDF91B0
:10875000CF911F910F91FF90089562E184E592E11E
:108760000E94784361E18FE492E10E94784360E1E6
:108770008AE492E10E9478436FE086E492E10E94ED
:1087800078436EE082E492E10E94784365E18EE3F3
:1087900092E10E94784363E18AE392E10E94784388
:1087A00064E186E392E10C94784366E181E392E12F
:1087B0000E94784367E18CE292E10E94784368E18D
:1087C00087E292E10E94784368E182E292E10E94AE
:1087D00078436AE18DE192E10E9478436BE188E1A0
:1087E00092E10E9478436CE183E192E10E94784338
:1087F0006DE18EE092E10C947843CF93DF936EEEBF
:108800007BEF0E946657EC0144E050E06DE97CEF9D
:108810000E941B5C892B31F40E94D543DF91CF91DC
:108820000C94AD432097B9F0FE0101900020E9F7C8
:108830003197EC1BFD0B349770F4CE010E94F45677
:10884000D82F833048F06BEE71E189E69BE2DF912F
:10885000CF910C94A71CD0E062E67CEF90E080E022
:108860000E946657009789F0FC0101900020E9F70B
:108870003197E81BF90BC0E0349718F40E94F456C6
:10888000C82FDD2329F0D13001F1DF91CF91089578
:1088900080916004DFEFD0936004C095C0936404BE
:1088A00064E170E080E090E00E94C00F0E94D54338
:1088B00060E177E280E090E00E94C00F8091600468
:1088C000D0936004D0936404E0CF6FEF8FEF0E94E9
:1088D0008D166FEF8C2F80950E94941564E170E0E7
:1088E00080E090E00E94C00F0E94AD4360E177E21B
:1088F00080E090E00E94C00F8091082B823029F424
:1089000081E0DF91CF910C94B51886E0FACF0F93F8
:108910001F93CF93DF9300D0CDB7DEB7009709F454
:1089200071C061E67CEF0E9466578C010E940B1EAD
:1089300081110AC082E00E94B31D0F900F90DF9159
:10894000CF911F910F9108959E012F5F3F4F4EE1F0
:1089500050E070E060E0C8010E9427378111EDCF40
:1089600089819A812091092B2817190671F482E0D8
:108970000E94B31D8091022A65EA73E08823E9F220
:1089800089E69BE20E94A71CD8CF80930A2B8FEF29
:1089900080930B2B61E67CEF90E080E00E946657AD
:1089A0008C01009761F00E940B1E882319F2C80108
:1089B0000E94F4568F3108F4805A80930B2B8091DB
:1089C000022A882309F4B9CF60E973E089E69BE2C3
:1089D0000E94121060910A2B89E69BE20E94231CE0
:1089E0006BE773E089E69BE20E94121060910B2B0B
:1089F0006F3F19F465E773E0C3CF89E69BE20E94FD
:108A0000231C9BCF60910A2B89E69BE20E94DA1B14
:108A100080910B2B8F3F59F06CE289E69BE20E941C
:108A20000B1060910B2B89E69BE20E94DA1B89E612
:108A30009BE20E941F1C81CFCF93DF93CDB7DEB79F
:108A4000C054D109CDBFDEBFDC010D900020E9F795
:108A5000AD0141505109FE01399628E3DF011D9215
:108A60002A95E9F728E0E2EAFCEFDE011196019091
:108A70000D922A95E1F7481B403308F04FE250E091
:108A8000BC01CE0101960E94335CCE0101960E948A
:108A90007942C05CDF4FCDBFDEBFDF91CF9108953B
:108AA0005F926F927F928F929F92AF92BF92CF927E
:108AB000DF92EF92FF920F931F93CF93DF93CDB787
:108AC000DEB7C459D109CDBFDEBF4C017B010E9486
:108AD0005D573C016E0181E8C80ED11C84E1D601CE
:108AE0001D928A95E9F78E010F5F1F4F80E8F8010C
:108AF00011928A95E9F7B12CA12C84E1582E80E0DF
:108B0000A614B70408F053C087FD20C0F401EA0D95
:108B1000FB1DE491FFEFAF1ABF0A482F50E0EA3384
:108B200071F4F801E40FF51F1082843130F44F5FC7
:108B30005F4FB801C6010E946B5780E0E7CF400F3E
:108B4000511FDA01EA3009F046C01C92F60180811B
:108B5000882309F443C0E114F10479F0F70101908E
:108B60000020E9F73197AF014E195F09B701C6013F
:108B70000E941B5C892B09F0C2CF65EB76E089E689
:108B80009BE20E941210B60189E69BE20E94E51D5D
:108B9000B80189E69BE20E947A1CD601E52D1D9260
:108BA000EA95E9F7E114F10409F4A9CF81E0CC5684
:108BB000DF4FCDBFDEBFDF91CF911F910F91FF90AF
:108BC000EF90DF90CF90BF90AF909F908F907F906D
:108BD0006F905F900895EC938F5F96CFE114F1044E
:108BE00009F08DCFB80189E69BE20E947A1C89E6E4
:108BF0009BE20E941F1C83CFCF93DF93009709F461
:108C000043C06AEA7CEF0E946657EC0148E050E0FE
:108C10006EEA7CEF0E941B5C892B69F46CEA7CEFA6
:108C200090E080E00E946657BC018DE89BE0DF91F8
:108C3000CF910C94504548E050E062EB7CEFCE01C0
:108C40000E941B5C892B51F46CEA7CEF90E080E081
:108C50000E946657BC0183EC96E0E9CFBE018DE827
:108C60009BE00E945045811125C0BE0183EC96E037
:108C70000E94504581111EC068EB76E089E69BE2B8
:108C8000DF91CF910C94A71C70E060E08DE89BE031
:108C90000E94504589E69BE20E941F1C70E060E044
:108CA00083EC96E00E94504589E69BE2DF91CF91EC
:108CB0000C941F1CDF91CF9108951F920F920FB655
:108CC0000F9211248F939F93AF93BF938091342978
:108CD00090913529A0913629B09137290196A11D8F
:108CE000B11D8093342990933529A0933629B093F0
:108CF000372981E08093A60ABF91AF919F918F9110
:108D00000F900FBE0F901F9018951F920F920FB6E5
:108D10000F9211242F933F934F935F936F937F9301
:108D20008F939F93AF93BF93EF93FF938CE49AE25B
:108D30000E947F11FF91EF91BF91AF919F918F9111
:108D40007F916F915F914F913F912F910F900FBE47
:108D50000F901F9018951F920F920FB60F9211242B
:108D60002F938F939F93EF93FF93E091582AF09165
:108D7000592A818181FD1BC090818091622A8F5F79
:108D80008F732091632A821741F0E091622AF0E00C
:108D9000E45BF54D958F8093622AFF91EF919F914F
:108DA0008F912F910F900FBE0F901F90189580817B
:108DB000F4CF1F920F920FB60F9211242F933F936F
:108DC0004F935F936F937F938F939F93AF93BF93D3
:108DD000CF93EF93FF93C091AB08C2FF0AC01092EC
:108DE0002828109227281092262884E00E94BD127D
:108DF00012C0C6FF2DC080912528813041F480919A
:108E0000282890E0F0E0E0E0099510922528C0FFC6
:108E100014C00E94CA12FF91EF91CF91BF91AF9100
:108E20009F918F917F916F915F914F913F912F9182
:108E30000F900FBE0F901F90189580E48093AB08A1
:108E400081E00E94BD128091AB0885FFE4CFE1CFA5
:108E5000C7FF50C0C3FF08C01092282810922728CF
:108E60001092262883E0C2CF8091A9088066809363
:108E7000A9088091AB0881FF26C08091272888230C
:108E800049F08091AB0884FF05C082E08093AA0876
:108E900081E0ACCF9091272880912628981778F40C
:108EA000E0912728F0E080818093AD088091272809
:108EB0008F5F8093272883E08093AA08ACCF82E05D
:108EC0008093AA0893CF90912828809124289817FE
:108ED00060F48091AD08E0912828F0E080838091D3
:108EE00028288F5F80932828E6CF86E08093AA0801
:108EF00082E07CCF85E07ACF1F920F920FB60F925F
:108F000011242F933F938F939F93EF93FF9380911F
:108F1000A508982F9C70C9F08091A50894E082FF65
:108F200093E090932F288093A50881E08093772881
:108F300010927628FF91EF919F918F913F912F9101
:108F40000F900FBE0F901F90189586FF4CC0209178
:108F50002C2890912B288091A50884FF10C0809127
:108F60002A28882351F083E08093A40885E0809329
:108F70002F281092762881E031C081E0F5CF8091D2
:108F80003028821790F4E091302880912D2890911C
:108F90002E28E80FF92FF11D80818093A808809179
:108FA00030288F5F80933028C5CF80913128891772
:108FB00048F484E080937728809129288160809309
:108FC000A708B8CF80912A28882359F083E080939E
:108FD000A40881E080932F28109276288093772828
:108FE000A9CF81E0F4CF87FF3DC0909131288091D7
:108FF0002B289817D8F48091A808E0913128209167
:10900000322830913328E20FF32FF11D80838091B5
:1090100031288F5F8093312890912B2880913128BF
:109020008917C0F482E08093A40884CF80912A2815
:10903000882371F087E08093A40882E080932F2832
:109040001092762881E08093772810922B2872CF97
:1090500085E0F1CF80912A28882311F087E0B7CFEF
:1090600085E0B5CF86E083CFCF92DF92EF92FF927B
:109070001F93CF93DF9340E856E968E970E080E002
:109080008F5F863011F487E00BC076956795579512
:109090004795413099E059079DE36907710580F7CD
:1090A00044E04093452A11E0982F91628095282F43
:1090B000217030E084E0220F331F8A95E1F7292BDD
:1090C0002093442A10920A2A1092092AC6ECDBEF58
:1090D000C093462AD093472A1092482A1092492AD0
:1090E00010924A2A10924B2A10924E2A10924F2A1E
:1090F00098EEC92E93E0D92EE12CF12CC092502A83
:10910000D092512AE092522AF092532A84E69BEFA1
:1091100080934C2A90934D2A80E098E08093582ABF
:109120009093592A10935A2A10925B2A10925C2A23
:1091300085E080935D2A40935E2A10935F2A109207
:10914000602A1092612A1092622A1092632A109269
:10915000642A1092652A82E18093662A1092672A17
:109160001092682A1092EB2A1092EC2AC092ED2AF3
:10917000D092EE2AE092EF2AF092F02A82E89BEF5A
:109180008093E92A9093EA2AC093F52AD093F62A8D
:109190001092F72A1092F82A1092F92A1092FA2ABD
:1091A0001092012B1092022B1092042B1092052B7F
:1091B0001092032B8DE99EE180930D2890930E2849
:1091C000C093FB2AD093FC2A1092FD2A1092FE2A0B
:1091D0001092FF2A1092002B1092622B0E94250EF3
:1091E0001092622B1092642B80E58093662B109274
:1091F000672B1093682B10926B2B10926C2BC092E4
:109200006D2BD0926E2BE0926F2BF092702B8CEC2A
:109210009BEF8093692B90936A2BC093772BD0930D
:10922000782B1092792B10927A2B10927B2B109224
:109230007C2B1092832B1092842BC092852BD09282
:10924000862BE092872BF092882B84E99BEF80930A
:10925000812B9093822B88E080938D2B88EE93E076
:1092600080938E2B90938F2B1092902B1092912B9A
:109270001092922B1092932B1092942B1092952B6C
:1092800064E67CEF80E99BE20E948D311092962B80
:109290001092972B1092982B1092992B80E197E2C5
:1092A000A0E0B0E080939A2B90939B2BA0939C2BF3
:1092B000B0939D2B10929E2B10929F2B1092A02B5F
:1092C0001092A12B84EF91E0A0E0B0E08093A22B5C
:1092D0009093A32BA093A42BB093A52BDF91CF91B8
:1092E0001F91FF90EF90DF90CF900895CF93DF9381
:1092F000CDB7DEB7E797CDBFDEBF88ED90E084BF86
:1093000090936100809102068660809302068091AE
:109310000006816080930006809102068F7C806544
:10932000809302061092E20582E08093E40581E0DA
:109330008093030A8EEF8093270A8093260A80E8A1
:1093400080932D0A80932B0A8093290A80932C0AFC
:1093500080932A0A8093280A8BE08093000A87E092
:109360008093E505E0E8FAE037E02EEF90E885E04D
:1093700031832487958780837096E03C4AE0F40728
:10938000B9F71092A10A8FE19EE48093AC0A909302
:10939000AD0A8091A50A81608093A50A1092A00A67
:1093A0008091A00A81608093A00A789461E08DE0AA
:1093B0000E944E0E61E087E20E944E0E61E086E25E
:1093C0000E944E0E61E08DE00E94A70E61E087E2F0
:1093D0000E94A70E60E086E20E94A70E40E052ECD9
:1093E00061E070E08CE49AE20E94971764E670E016
:1093F00080E090E00E94C00F6DE276E18CE49AE29A
:109400000E94A71C0E94B91B64E67CEF8CE49AE2E0
:109410000E947A1C88EDA89584BF80910001807F0E
:109420008093000110923528109234281092B928A8
:109430001092B82880917728811120C08091E3058F
:10944000807309F075C062E082E00E944E0E62E017
:1094500083E00E944E0E81E080937728109231289D
:10946000109230281092762810922F2891EC909329
:10947000A30895E59093A6088093A5081091662B04
:109480001093BA286FE789EE9AE20E942E136AE7DA
:1094900089EE9AE20E942E134091B8288091772895
:1094A000813059F480917628811107C001E020E0D5
:1094B00068E778E2812F0E946F121092B92810920B
:1094C000B8288091662B26E338E220933228309327
:1094D00033289091772810E0913069F490917628A4
:1094E00011E0911108C001E026E040E070E060E08A
:1094F0000E946F12182F109334287E015AE2E50E55
:10950000F11CCE01C0968EAB9FAB67011701AEA9CF
:10951000BFA9AC15BD05C9F0809135281817A9F071
:1095200089EE9AE20E94F612F60181936F01EFCF65
:109530008091E3058073803209F08DCF62E080E195
:109540000E944E0E62E081E184CF19821A821B8252
:109550001C821D821E8266EB7CEF8E010F5F1F4F07
:10956000C8010E948D318091672B882329F0B801B2
:109570008CE49AE20E948C1C89819A810E94DC54BE
:1095800019821A821B821C821D821E8262EC7CEF71
:10959000C8010E948D318091672B882329F0B80182
:1095A0008CE49AE20E948C1C89819A810E94DC548E
:1095B0006FE176E18CE49AE20E94121054EDC52E20
:1095C0005CEFD52ED7018D917D0119821A821B8205
:1095D0001C821F928F93DF92CF921F930F930E9452
:1095E000825CB8018CE49AE20E94E51D0F900F9016
:1095F0000F900F900F900F90EEA9FFA9EE15FF05A9
:1096000009F78CE49AE20E941F1C6AEF75E18CE472
:109610009AE20E94A71C88EDA89584BF8091000162
:10962000807F8093000140E052EC61E070E08CE4C8
:109630009AE20E94971719821A82C8010E94F116B5
:1096400089819A81019649F1CE0184960E94F11692
:1096500036E0C32E3BE2D32E42E0E42EF12CE98229
:10966000FA82C8010E94E116D6018D936D01BFEF09
:10967000EB1AFB0AEEE5EE16F10489F786E09BE2B1
:109680000E94020E2CA13DA182179307A1F067E86A
:1096900074E18CE49AE20E94A71C6FE674E18CE40A
:1096A0009AE20E94A71C0E9487170E94250E86E05E
:1096B0009BE20E942C178091082B823009F053C244
:1096C0000E9438198091582B8F3F11F41092582B1B
:1096D0008091092B882381F08F3110F01092092B93
:1096E00064EC75E18CE49AE20E9412106091092BFF
:1096F0008CE49AE20E94231C8FEF80930A2B69E589
:109700007BE2CE0184960E944A2C87E08093002859
:109710001B821C821D821E828EA19FA1A8A5B9A5B5
:109720004B815C816D817E8184179507A607B70701
:1097300009F01CC260EB75E18CE49AE20E94A71C60
:109740008091192981112AC01092002910920129B3
:1097500088EE93E0A0E0B0E0809302299093032983
:10976000A0930429B093052980E799EF8093FE2800
:109770009093FF2886EC9BEF80930C2990930D2902
:1097800010920E2910920F2910921029109211296F
:1097900088E08093162981E0809319298BEB98E269
:1097A00080933229909333290E94A91F882309F4BA
:1097B000AEC0C8010E94A31789819A810E94470DFB
:1097C00046E050E0B10189E090E00E945E1386EC33
:1097D0009BEF89839A831B821C821D821E82CE018D
:1097E00003960E94CE140E947B0C1092DD281092EA
:1097F000DE281092DF281092E0281092E1281092C3
:10980000E2281092E3281092E4281092E5281092A2
:10981000E6281092E7281092E82880E69AEEA0E069
:10982000B0E08093F1289093F228A093F328B093AE
:10983000F42880EA9FE0A0E0B0E08093F5289093C0
:10984000F628A093F728B093F828E9ECF8E284E131
:10985000DF011D928A95E9F786E0F101A3ECB8E2F9
:1098600001900D928A95E1F71092FD288BEB98E21A
:109870000E94C933019709F04AC0C8010E94A3178A
:1098800089819A810E94470DE0903229F090332916
:10989000B701625F7F4FC8010E944A2CCE01039638
:1098A0000E94CE14B7016A5E7F4FC8010E944A2C05
:1098B000CE0103960E94DC14B7016E5E7F4FC80193
:1098C0000E944A2CCE0103960E94D5140E947B0C64
:1098D000B701625E7F4FC8010E944A2C8B819C8138
:1098E000AD81BE818093F72A9093F82AA093F92A3C
:1098F000B093FA2A0E94840F7F738091032890917D
:109900000428682779276093032870930428C801E6
:109910000E94402B8B819C81AD81BE818093FD2A6A
:109920009093FE2AA093FF2AB093002B68EF74E176
:109930008CE49AE20E9412106BEF7AE28CE49AE2D5
:109940000E94661C86EC9BEF89839A838091FD2A96
:109950009091FE2AA091FF2AB091002B8B839C83CB
:10996000AD83BE83C8010E94FA1481110CC163EB60
:1099700074E18CE49AE20E94A71C81E090E080935D
:1099800001289093022863E875E18CE49AE20E9432
:10999000A71C0E946C2B22EDE22E24E0F22EE09216
:1099A0007D2BF0927E2B86E090E00E944054FC01DB
:1099B000128213822AE939EF20833183E482F5820F
:1099C00080937F2B9093802B009709F4E1C00E9435
:1099D0000B2A0E94F00F6093962B7093972B809325
:1099E000982B9093992B8091012890910228892B94
:1099F00009F4D5C00E94EE146BE675E18CE49AE29E
:109A00000E94A71C80910528909106280E945D570E
:109A10008134910508F0D0C080910A2890910B28DC
:109A20000E945D578134910508F0C6C085E098E238
:109A30008093012B9093022B82E08093032B8AE585
:109A400095E18093042B9093052B6BE575E18CE4F5
:109A50009AE20E94A71C0E94B91B64E67CEF8CE48A
:109A60009AE20E947A1C0E944F1E0E94231E0E94AE
:109A7000F00F60932E2970932F29809330299093B3
:109A800031290E94F00F20918D2B2830B0F5C09025
:109A9000962BD090972BE090982BF090992B6C19E7
:109AA0007D098E099F09C0909A2BD0909B2BE09046
:109AB0009C2BF0909D2BC616D706E806F906E8F415
:109AC00081E89BE20E9459221B821C8228EE33E02F
:109AD00040E050E02D833E834F83588744E95BEF9D
:109AE00049835A8388E08D8788EE93E08E879F872D
:109AF000B80181E89BE20E942B1570908D2BE091BC
:109B00002C29EE2309F47FC0F0E0EE0FFF1FE65A88
:109B1000F94EA590B490C5010E945D576C01F12CDF
:109B2000E12C4C0191E0891A9108CE14DF0409F46C
:109B300066C0F501EE0DFF1D84918D3009F443C020
:109B40008A3009F440C08E149F0409F0FFC0909140
:109B50002A299F3708F053C08D30C1F18A30B1F106
:109B60000E94201533C00E942C19ACCD26EC3BEF8F
:109B700029833A838B839C83AD83BE83B801C10163
:109B80000E94EF20C4CE1092012810920228FBCE32
:109B900065E075E18CE49AE20E94A71C24CF61E0A5
:109BA0008DE00E94A70E60E087E20E94A70E61E0B0
:109BB00086E20E94A70E20CF60E275E18CE49AE273
:109BC0000E94A71C42CF8E149F0409F2A1E8B9E2BB
:109BD0000D900020E9F7CD0182589942209181290A
:109BE0002B3229F4209182292B3209F4ACC00E9437
:109BF000762B0E946C2BBFEFEB1AFB0A96CF0E94CC
:109C00006C2B10922C298091012A813061F4809173
:109C10002B29882321F010922B290E94661980910C
:109C20002A290E94BA2B8091082B823009F050C05B
:109C30008091012A823009F491C0F12C80910E2B81
:109C4000833041F580912B29882321F18091012ACD
:109C5000811120C042E060910B2B80910A2B0E9461
:109C60007B1920912929409128296091272989E68B
:109C70009BE20E94271AFF24F394811101C0F12C6A
:109C80000E9466198091582B81FF04C08CE996E1EF
:109C90000E94C11D80912629882349F083E10E94FA
:109CA000050F882321F090E080E00E94EE3EFF2027
:109CB00051F08091022A882331F060E876E189E64C
:109CC0009BE20E94A71C8091082B823009F45AC1A4
:109CD000D0902529DD2009F478C089E00E94B518CC
:109CE00080912529882309F4D0C289E69BE20E944D
:109CF000A727892BA9F380912529813039F489E69A
:109D00009BE20E94192960E00E9403188091252996
:109D1000823031F70E94C4418093012A813009F4D6
:109D2000B4C28230E9F6F12C80912A29F81608F0A5
:109D300049C0EF2DF0E0EF57F64D60E080810E94C2
:109D40000318F394F1CF0E94BA2B53CF90912A2994
:109D50009F3708F056CF0E9420154DCF80912A29B9
:109D60000E94762B80910E2B813041F0823009F0D9
:109D700064CFF090042AFF2009F48CCF42E0609178
:109D80000B2B80910A2B0E947B1920E040E0609110
:109D9000072B89E69BE20E94271AFF24F394811186
:109DA00001C0F12C8091582B81FF04C084EA96E118
:109DB0000E94C11D8091042A81111092042A0E94E0
:109DC00066193CCF0E946C2B8BCF8091242988236D
:109DD00059F11CA219820E94F21788E08093622B2D
:109DE00080912429882309F450C2A80160E0CE01A3
:109DF00084960E94C115813029F46CA189E69BE20A
:109E00000E94F33189E69BE20E94A727892B41F348
:109E10000E94C4418093012A813009F436C2823005
:109E2000F9F60E946C2BDCCF84E10E94050FA82E6E
:109E3000882309F4E2C283E2F80111928A95E9F7D6
:109E40001AA61CA20E94F21788E08093622B780168
:109E5000C12C84E10E94050F882391F0F3E2CF1614
:109E600079F0AE014C5D5F4F60E0C1010E94C11509
:109E7000813031F48AA5D7018D937D01C394E9CF58
:109E8000B0902329BB2031F00E940F1B86E00E9476
:109E9000B5186EC0CC20D1F378019924939488E052
:109EA000882EF70181917F018AA78F3351F50E9497
:109EB000161B8E2D801B8C15A0F3BB2039F3D110FF
:109EC0004CC080912129882309F404C210922129D1
:109ED0008091622B893019F089E00E94B51860E00A
:109EE00080910D2B0E94031887E00E94B518809185
:109EF0000D2B8F7B80930D2B60E480E40E949415E2
:109F000037C08F3519F40E94231BD3CF90910A2BB1
:109F100020E22827921306C00E94F2178092622B3B
:109F2000BA2CC7CF20E42827921304C089E00E94EE
:109F3000B518F6CF803208F0BCCF883129F4909262
:109F40002129B8E1DB2EB5CFD82E893109F0B1CF68
:109F500010922129A9E1DA2EACCFF9E0DF1609F43D
:109F6000B6C1FD1508F48AC124E0D21609F48FC1E8
:109F700080912329882331F08091012A823011F4C5
:109F80000E946C2B80912229882369F18091572BA4
:109F9000813031F463E47BE289E69BE20E947A1C23
:109FA0008091572B8230E9F463E47BE289E69BE2FF
:109FB0000E94E51D6BE07DEF89E69BE20E94E51DB6
:109FC0004091532B5091542B6091552B7091562BEF
:109FD0002AE089E69BE20E943D1B89E69BE20E9403
:109FE0001F1C1092222989E69BE20E94A727892B39
:109FF00021F00E94C4418093012A85E090E00E94F4
:10A00000740F8091012890910228892B09F4FDC1D9
:10A010000E94EE148CE49AE20E949410181619061D
:10A02000BCF48CE49AE20E947210D82EE82E880FBD
:10A03000FF08C7010E94DB5B892B09F44FC2C701EF
:10A040000E94151280912D29811144C2D0922D2990
:10A050000E94F00FC0902E29D0902F29E090302937
:10A06000F09031296C197D098E099F09683E734073
:10A070008105910508F4DEC20E94F00F60932E293D
:10A0800070932F298093302990933129E0903229C1
:10A09000F0903329E114F10409F4C6C00E94F00FD6
:10A0A0004B015C0167014EE3C40ED11CF6018081B7
:10A0B0009181A281B381A5019401281B390B4A0B20
:10A0C0005B0BCA01B901683E33E073078105910556
:10A0D000A0F128EE33E040E050E00E94545A861A86
:10A0E000970AA80AB90AD6018D929D92AD92BC92A8
:10A0F0001397F70186A597A5A0A9B1A949015A010F
:10A10000880C991CAA1CBB1C88159905AA05BB05BF
:10A1100008F07BC216A617A610AA11AAF70182A9F9
:10A1200093A9A4A9B5A988159905AA05BB0508F0A6
:10A1300075C212AA13AA14AA15AAF70186A597A593
:10A14000A0A9B1A9892B8A2B8B2B09F070C2EE5BD9
:10A15000FF4F8081833009F06AC284E08083C701A9
:10A160000E94C9330196D701D2964D915D916D91B0
:10A170007C91D597452B462B472BA1F4F701EE5B3D
:10A18000FF4F2081233011F021110CC01082F70104
:10A190003E9684E1DF011D928A95E9F7C7010E948E
:10A1A000C93303968230910511F00497E9F5C8018F
:10A1B0000E94A31789819A810E94470DE09032295D
:10A1C000F0903329B701625F7F4FC8010E944A2C8B
:10A1D000CE0103960E94CE14B7016A5E7F4FC8017C
:10A1E0000E944A2CCE0103960E94DC14B7016E5ED9
:10A1F0007F4FC8010E944A2CCE0103960E94D514BD
:10A200000E947B0CB701625E7F4FC8010E944A2CFE
:10A210008B819C81AD81BE818093F72A9093F82A2F
:10A22000A093F92AB093FA2A8090012890900228EE
:10A23000CE01C0960E94402B0E94A91F882341F0A6
:10A2400080918029843309F402C2873309F437C22C
:10A2500083E090E080930128909302286CE078E1FD
:10A260008CE49AE20E94A71C809101289091022818
:10A27000892B09F4E9C10E94EE14E6C138E1D31636
:10A2800009F426CE49E1D41273CE87E000CE809146
:10A29000022A882331F064E776E189E69BE20E9496
:10A2A000A71C0E946C2B1092012A10920D2B60E4C7
:10A2B00080E40E9494158091022A882309F458CEE4
:10A2C0006EE676E189E69BE20E94A71C51CE0E94D1
:10A2D00038194ECE8091622B883009F493C08930B2
:10A2E00009F046CEF090012A0E94F00FAB01BC01AC
:10A2F0002AE08CE49AE20E943D1B6AE38CE49AE235
:10A300000E940B106EED7CEF8CE49AE20E94E51D3A
:10A310006AE38CE49AE20E940B106AE07DE08CE430
:10A320009AE20E94831B62EF7CEF8CE49AE20E9427
:10A33000E51D66EA79EF8CE49AE20E94E51D65EF7F
:10A340007CEF8CE49AE20E94E51D6AEF7CEF8CE4DE
:10A350009AE20E94E51D6F2D8CE49AE20E94231C74
:10A360000E94F00FAB01BC012AE08CE49AE20E944B
:10A370003D1B6AE38CE49AE20E940B106EED7CEFC9
:10A380008CE49AE20E94E51D6AE38CE49AE20E9462
:10A390000B106BE07DE08CE49AE20E94831B62EF7D
:10A3A0007CEF8CE49AE20E94E51D66EA79EF8CE48A
:10A3B0009AE20E94E51D65EF7CEF8CE49AE20E9430
:10A3C000E51D62E07DEF8CE49AE20E94E51D61E804
:10A3D00079E28CE49AE20E947A1C8091012A823010
:10A3E00039F460912A2970E081E899E20E94BF194E
:10A3F0000E946C2B1092012A48CF8091622B8830EA
:10A4000009F0B6CD0E940F1B40CF57E0571598F1C9
:10A4100068EC70E08DE00E94110F68EC70E087E25C
:10A420000E94110F0E94F00F28EE33E040E050E050
:10A430000E94545AF9E0660F771F881F991FFA95FA
:10A44000D1F728EE33E040E050E00E94765A2F3FEB
:10A4500031054105510551F04CF08FEF91E0A0E03E
:10A46000B0E0821B930BA40BB50B9C01B90186E2F3
:10A470000E94110FCFCD61E08DE00E94A70E61E038
:10A4800086E20E94A70E0E94F00F20EA3FE040E023
:10A4900050E00E94545AE9E0660F771F881F991F09
:10A4A000EA95D1F720EA3FE040E050E00E94765A7A
:10A4B0002F3F31054105510551F04CF08FEF91E0F0
:10A4C000A0E0B0E0821B930BA40BB50B9C01B9017B
:10A4D00087E2CECF80E180932D29BACD9AE0D916BC
:10A4E000C1F09D153CF0A8E0DA1609F479C010928D
:10A4F0002D29AECDBDE0DB1661F0EBE16CEA76E133
:10A50000DE12F5CF8CE49AE20E94A71C0E94231E63
:10A51000EECF80912D29882381F1803131F1309166
:10A52000032BE091012BF091022BF12C082E000C53
:10A53000990B3F1541F02281F3943596281719069F
:10A54000C1F7F1100FC061E077E18CE49AE20E945C
:10A55000A71C60E077E18CE49AE20E94A71C0E94AD
:10A56000231EF12C10922D290BC060E277E18CE4C0
:10A570009AE20E94A71C10922D290E94231EF12C02
:10A5800062E070E080E090E00E94C00F8CE49AE20C
:10A590000E9494101816190664F48CE49AE20E9442
:10A5A00086108A3011F08D3021F48CE49AE20E94FA
:10A5B00072101F140CF04CCD8091032B8F1508F4F2
:10A5C00047CDE091012BF091022B25E0F29EE00DAA
:10A5D000F11D112435970380F481E02D099538CDC4
:10A5E00080912D29882309F433CD803129F088E02A
:10A5F00090E00E9415127BCF62ED76E18CE49AE246
:10A600000E9412106FEB76E17DCF821B930BA40B9F
:10A61000B50B86A797A7A0ABB1AB80CD821B930BE0
:10A62000A40BB50B82AB93ABA4ABB5AB86CD90E0DE
:10A6300080E099CD8091012890910228029721F421
:10A64000B7E0B71508F0F0CD0E943C121ACAC80155
:10A650000E94A31789819A810E94470D85E390E0AB
:10A660000E947E1FF82E0E947B0CF5FEF1CD96EC29
:10A67000A92E9BEFB92EA982BA824AA85BA86CA822
:10A680007DA84B825C826D827E82C8010E94FA1492
:10A69000811126C081E090E08093012890930228E8
:10A6A00060E078E18CE49AE20E9412106CE47AE2B5
:10A6B000CE01C0960E94E11B62EE77E1D1CDC801C8
:10A6C0000E94A31789819A810E94470D8EE290E033
:10A6D0000E947E1FF82E0E947B0CF0FCC8CFB8CDE4
:10A6E000AAA6BBA64CA65DA66EA67FA6C090FD2A14
:10A6F000D090FE2AE090FF2AF090002BCB82DC82E3
:10A70000ED82FE82C8010E94FA14811134C0ACA20D
:10A71000BDA24EA25FA268A679A6CE0184960E9431
:10A72000FA14882341F167E877E18CE49AE20E9409
:10A730001210B1018CE49AE20E94661C8CA59DA5C2
:10A74000AEA5BFA58093FD2A9093FE2AA093FF2A71
:10A75000B093002B8091012890910228892B31F031
:10A7600066EA77E18CE49AE20E94A71C1092012825
:10A770001092022879CD86ECA82E8BEFB82EA982F4
:10A78000BA82CB82DC82ED82FE82C8010E94FA147A
:10A79000882301F3ACA2BDA24CA45DA46EA47FA447
:10A7A0004EA25FA268A679A6CE0184960E94FA14F2
:10A7B000882381F2C414D504E604F70459F26CE648
:10A7C00077E18CE49AE20E9412106CE47AE2CE0106
:10A7D0008A960E94E11BE2E08E16910489F48CA512
:10A7E0009DA5AEA5BFA58093FD2A9093FE2AA093B8
:10A7F000FF2AB093002B8CE49AE20E941F1CAACF80
:10A800006EE477E18CE49AE20E94A71C8091012813
:10A8100090910228029739F16EEB77E18CE49AE28D
:10A820000E94A71C80918D2B8830E8F481E89BE280
:10A830000E9459221B821C8228EE33E040E050E047
:10A840002D833E834F83588744E95BEF49835A83C6
:10A8500088E08D8788EE93E08E879F87B80181E836
:10A860009BE20E942B1582E090E080930128909358
:10A870000228FACC8091902B9091912B0C94DC546F
:10A880000F931F93CF93DF938230910510F482E0F2
:10A8900090E0E091AA2BF091AB2B30E020E0B0E00B
:10A8A000A0E0309799F42115310509F44AC0281B1E
:10A8B000390B24303105D8F58A819B8161157105EA
:10A8C00089F1FB0182839383FE0111C04081518194
:10A8D0000281138148175907E0F04817590799F486
:10A8E000109761F012960C93129713961C93329660
:10A8F000CF01DF91CF911F910F9108950093AA2B63
:10A900001093AB2BF4CF2115310551F042175307AB
:10A9100038F0A901DB019A01BD01DF01F801C1CFC7
:10A92000EF01F9CF8093AA2B9093AB2BCDCFFE01F3
:10A93000E20FF31F819391932250310928833983C9
:10A94000D7CF2091A82B3091A92B232B41F4209114
:10A950001128309112282093A82B3093A92B2091F5
:10A960000F28309110282115310541F42DB73EB73D
:10A970004091132850911428241B350BE091A82BEB
:10A98000F091A92BE217F307A0F42E1B3F0B281719
:10A99000390778F0AC014E5F5F4F2417350748F058
:10A9A0004E0F5F1F4093A82B5093A92B8193919337
:10A9B0009FCFF0E0E0E09CCFCF93DF930097E9F0EA
:10A9C000FC01329712821382A091AA2BB091AB2B7B
:10A9D000ED0130E020E01097A1F420813181820F59
:10A9E000931F2091A82B3091A92B2817390709F024
:10A9F00061C0E093A82BF093A92BDF91CF9108952C
:10AA0000EA01CE17DF07E8F54A815B819E01411517
:10AA10005105B1F7E901EA83FB8349915991C40FCC
:10AA2000D51FEC17FD0761F4808191810296840F98
:10AA3000951FE90188839983828193818A839B830F
:10AA4000F0E0E0E012968D919C9113970097B9F594
:10AA50002D913C911197CD010296820F931F209169
:10AA6000A82B3091A92B2817390739F6309751F5C3
:10AA70001092AA2B1092AB2BA093A82BB093A92BCA
:10AA8000BCCFC283D38340815181840F951FC817E7
:10AA9000D90761F44E5F5F4F88819981480F591F34
:10AAA000408351838A819B81828393832115310561
:10AAB00009F0B0CFE093AA2BF093AB2B9ECFFD0112
:10AAC000DC01C0CF12821382D7CF8F929F92AF92B8
:10AAD000BF92CF92DF92EF92FF92CF93DF93EC0180
:10AAE000688179818A819B81611571058105910554
:10AAF00021F464E279ED8BE597E02DE133EF41E05D
:10AB000050E00E94765A49015A019B01AC01A7EA24
:10AB1000B1E40E94955A6B017C01ACEEB4EFA50143
:10AB200094010E94A35AC60ED71EE81EF91EF7FE16
:10AB300006C081E0C81AD108E10880E8F80AC88296
:10AB4000D982EA82FB82C701B6019F77DF91CF915C
:10AB5000FF90EF90DF90CF90BF90AF909F908F903D
:10AB600008958F929F92AF92BF92CF92DF92EF9211
:10AB7000FF92609115287091162880911728909166
:10AB80001828611571058105910521F464E279EDBC
:10AB90008BE597E02DE133EF41E050E00E94765ADB
:10ABA00049015A019B01AC01A7EAB1E40E94955A00
:10ABB0006B017C01ACEEB4EFA50194010E94A35A95
:10ABC000C60ED71EE81EF91EF7FE06C081E0C81AA1
:10ABD000D108E10880E8F80AC0921528D09216281A
:10ABE000E0921728F0921828C701B6019F77FF90CE
:10ABF000EF90DF90CF90BF90AF909F908F9008958F
:10AC0000609315287093162880931728909318281E
:10AC10000895B0E0A0E0EFE0F6E50C94A95A5C01DD
:10AC20006B017A016115710519F0FB018083918335
:10AC3000E114F10449F0C7010297839728F060E01E
:10AC400070E0CB019CC05E01E5012196F501108109
:10AC5000812F90E00E943957892BA9F71D3209F006
:10AC600056C02196F501118101E0E114F10409F4C7
:10AC7000AEC0F0E1EF16F10409F08EC0103341F4DC
:10AC800088818F7D883509F083C019812296026002
:10AC9000E0E1EE2EF12C88248A94982CA82CFFE079
:10ACA000BF2E20E060E070E0CB0127010F2C000CEC
:10ACB00066087708FE0150ED352E310E39E0331568
:10ACC00038F43FEB310F3A31A0F549EC342E310E18
:10ACD0003E141F04BCF52F3FB9F086169706A80650
:10ACE000B90670F1A30192010E94445A232D30E06D
:10ACF00050E040E0620F731F841F951F62177307B7
:10AD000084079507E8F021E021961081D3CF1B320C
:10AD100021F4E5012296F501118100E0A6CF78E04B
:10AD2000E72EF12C88248A94982CA82C6FE1B62E5B
:10AD3000B8CF3FE9310F3A3128F439EA332EC7CF83
:10AD40002FEFE2CFC114D10431F02223E9F0219793
:10AD5000F601C083D18300FF07C090958095709560
:10AD600061957F4F8F4F9F4F2F3F49F482E290E0D4
:10AD70008093AC2B9093AD2B6FEF7FEFCB01CDB7D2
:10AD8000DEB7E1E10C94C25A01FFE5CF2297E0CF94
:10AD900010E3E114F10419F23AE0E316F104E9F0EA
:10ADA00080E1E816F10409F473CFE8E0EE16F1044F
:10ADB00009F4B8CF6FEF7FEFCB0197010F2C000C98
:10ADC000440B550B0E94545A49015A016ACF103363
:10ADD00009F456CF9AE0E92EF12C89E9882E982CB7
:10ADE000A82C89E1B82E5DCFFC0188279927E8942B
:10ADF00021912032E9F3293010F02E30C8F32B32A4
:10AE000041F02D3239F4689404C00E94BB57820F80
:10AE1000911D219120532A30C0F31EF49095819505
:10AE20009F4F08951F93FC0199278827BC01E89440
:10AE300011911032E9F3193010F01E30C8F31B32B3
:10AE400051F01D3249F4689406C00E94A657610F64
:10AE5000711D811D911D119110531A30B0F33EF4F4
:10AE600090958095709561957F4F8F4F9F4F1F9163
:10AE7000089591110C949D59803219F08950855094
:10AE8000C8F70895FB01DC0105900D920020E1F761
:10AE90000895DC01FB014150504058F049F0059005
:10AEA0000D920020C1F7E61BF70B3197CF010895F3
:10AEB0001C9205900020E9F7F6CFFC0105900020D8
:10AEC000E9F7809590958E0F9F1F089546EA5BE203
:10AED0000E947F570895DC01FB014150504058F01B
:10AEE00049F001900D920020C1F7E61BF70B319756
:10AEF000CF0108951C9201900020E9F7F6CFFA01E6
:10AF0000A191B081009719F41097E1F0CD01DC0117
:10AF1000CD010D90002011F4C00113C0FB0121915F
:10AF2000222319F02015D9F7F3CFFB012191201529
:10AF300019F41E92119606C02223C1F70D9000202D
:10AF4000A1F7D001FA01A193B0830895592F482F9A
:10AF5000372F262F660F771F881F991F660F771FC1
:10AF6000881F991F620F731F841F951F660F771F1D
:10AF7000881F991F08957AE0979F902D879F802DB5
:10AF8000910D11240895ABE0B0E0E9ECF7E50C94E5
:10AF9000A85A7C013B018A01FC0116821782838139
:10AFA00081FFC8C1CE0101965C01F7019381F301D5
:10AFB00093FD859193FF81913F01882309F453C14B
:10AFC000853239F493FD859193FF81913F0185325C
:10AFD00029F4B70190E00E94B659E7CF912C212CBB
:10AFE000312CFFE1F31538F08B3211F190F48032FF
:10AFF00009F1833229F137FC3CC020ED280F2A30BB
:10B0000050F536FE20C08AE0989E200D1124922E25
:10B0100006C08D3291F0803371F7689430F8F301F7
:10B0200093FD859193FF81913F018111DACF21C07A
:10B03000689431F8689432F8F2CF689433F8EFCF1F
:10B04000689434F8ECCFEAE02E9E200D1124222ED5
:10B05000689435F8E4CF8E3229F436FC04C1689444
:10B0600036F8DDCF8C3619F4689437F8D8CF8836A7
:10B07000B1F2982F9F7D95549330E0F08336A1F183
:10B080008337C1F1833509F063C02801F2E04F0E28
:10B09000511CF801C080D180692D70E036FC02C0DF
:10B0A0006FEF7FEFC6010E94A0594C01689437F8FA
:10B0B00082010AC00C5F1F4FFFE3F9838824839449
:10B0C000912C6501E89437F833FE2DC0522C811481
:10B0D000910471F5552009F468CFB70180E290E042
:10B0E0000E94B6595A94F6CFF801808189830E5F89
:10B0F0001F4FE4CF2801F2E04F0E511CF801C08031
:10B10000D180692D70E036FC02C06FEF7FEFC60181
:10B110000E94AB594C018201D5CFB70180E290E08B
:10B120000E94B6592A942814190409F0B0F7CECF1A
:10B13000F60137FC859137FE81916F01B70190E0F0
:10B140000E94B65951105A94F1E08F1A9108BFCF5E
:10B15000843619F0893609F077C0F80137FE6BC0E4
:10B1600060817181828193810C5F1F4FF32DFF7687
:10B170003F2E97FF09C090958095709561957F4F00
:10B180008F4F9F4F689437F82AE030E0A5010E9466
:10B19000E659C82ECA188C2C432C36FE0CC0E894F5
:10B1A00040F8C91440F434FE05C032FC03C0F32D4E
:10B1B000FE7E4F2E892C44FE95C0FE01EC0DF11D44
:10B1C0008081803309F087C0242D297E422E842D72
:10B1D0008870582E43FC95C040FE8FC09C2C821472
:10B1E00018F42C0C922C981844FE91C0B70180E3FF
:10B1F00090E00E94B65942FE09C088E790E041FE07
:10B2000002C088E590E0B7010E94B659C91408F45D
:10B210008AC0CA94D12C9FEFC91AD90ACA0CDB1C68
:10B22000F60182916F01B70190E00E94B659AC140B
:10B23000BD04B1F74FCF60817181072E000C880BE0
:10B24000990B0E5F1F4F92CFD32CE894D4F82AE0CD
:10B2500030E0853739F1232D297FD22E8F3601F149
:10B2600048F48835A9F0F701868197812B96E2E1B1
:10B270000C94C15A803749F08837A9F7D4FE02C030
:10B280006894D2F820E130E00DC06894D4F8F6CF8D
:10B2900034FE03C0822F8660D82E20E132E002C047
:10B2A00028E030E0F801D7FE0FC060817181828113
:10B2B00093810C5F1F4FA5010E94E659C82ECA1842
:10B2C0003D2CE89437F867CF6081718190E080E091
:10B2D0000E5F1F4FF0CF42FC02C0839478CF83945F
:10B2E000839475CF842D867809F471CFF6CFB7019A
:10B2F00080E290E00E94B65983948214C0F3512CEE
:10B3000073CF522C5818821408F46ECFF8CF842DC6
:10B31000867809F47BCF8BE241FE80E247FC8DE228
:10B32000B70190E071CFB70180E390E00E94B65979
:10B330009A946CCF8FEF9FEF99CF99278827089524
:10B34000FC010590615070400110D8F780959095F0
:10B350008E0F9F1F0895FC016150704001900110F5
:10B36000D8F7809590958E0F9F1F08950F931F9388
:10B37000CF93DF93182F092FEB018B8181FD09C03B
:10B380001FEF0FEF812F902FDF91CF911F910F9122
:10B39000089582FF14C02E813F818C819D812817E2
:10B3A00039073CF4E881F981CF01019688839983BC
:10B3B00010838E819F8101968E839F83E3CFE885E2
:10B3C000F985812F0995892BA1F3DACFFA01AA27F4
:10B3D000283051F1203181F1E8946F936E7F6E5FD8
:10B3E0007F4F8F4F9F4FAF4FB1E03ED0B4E03CD086
:10B3F000670F781F891F9A1FA11D680F791F8A1F69
:10B40000911DA11D6A0F711D811D911DA11D20D0CF
:10B4100009F468943F912AE0269F11243019305D89
:10B420003193DEF6CF010895462F4770405D41937A
:10B43000B3E00FD0C9F7F6CF462F4F70405D4A33C7
:10B4400018F0495D31FD4052419302D0A9F7EACF8F
:10B45000B4E0A6959795879577956795BA95C9F7BE
:10B4600000976105710508959B01AC010A2E0694B1
:10B470005795479537952795BA95C9F7620F731F6A
:10B48000841F951FA01D0895DB018F939F930E9439
:10B49000955ABF91AF91A29F800D911DA39F900DD2
:10B4A000B29F900D11240895A1E21A2EAA1BBB1B76
:10B4B000FD010DC0AA1FBB1FEE1FFF1FA217B30780
:10B4C000E407F50720F0A21BB30BE40BF50B661F96
:10B4D000771F881F991F1A9469F76095709580955A
:10B4E00090959B01AC01BD01CF010895052E97FBFE
:10B4F0001EF400940E948D5A57FD07D00E94545AA2
:10B5000007FC03D04EF40C948D5A5095409530951D
:10B5100021953F4F4F4F5F4F0895909580957095BF
:10B5200061957F4F8F4F9F4F08950E94D95AA59FD5
:10B53000900DB49F900DA49F800D911D112408952E
:10B54000B7FF0C94955A0E94955A821B930B08954D
:10B550002F923F924F925F926F927F928F929F9223
:10B56000AF92BF92CF92DF92EF92FF920F931F9311
:10B57000CF93DF93CDB7DEB7CA1BDB0BCDBFDEBFEA
:10B5800009942A88398848885F846E847D848C84F5
:10B590009B84AA84B984C884DF80EE80FD800C81FE
:10B5A0001B81AA81B981CE0FD11DCDBFDEBFED01B8
:10B5B0000895A29FB001B39FC001A39F700D811D8C
:10B5C0001124911DB29F700D811D1124911D0895AC
:10B5D000EE0FFF1F0590F491E02D0994692796273F
:10B5E0006927782787277827089597FD1094002EDC
:10B5F000083098F00850232F342F452F562F672FEF
:10B60000782F892F912DF4CF15949795879577955D
:10B61000679557954795379527950A95AAF7112469
:10B62000002D08950024A7FD00942A173005400539
:10B63000500560057005800590050895B0E0A0E014
:10B64000E4E2FBE50C94AA5A8C01009751F4CB017B
:10B650000E9440548C01C801CDB7DEB7E0E10C94E4
:10B66000C35AFC01E60FF71F9C0122503109E21773
:10B67000F30708F49DC0D901CD91DC911197C6174D
:10B68000D70798F0C530D10530F3CE01049786175F
:10B69000970708F3C61BD70B2297C193D1936D93DD
:10B6A0007C93CF010E94DC54D6CF5B01AC1ABD0A5B
:10B6B0004C018C0E9D1EA091AA2BB091AB2B512C4E
:10B6C000412CF12CE12C109731F58091A82B909111
:10B6D000A92B8815990509F05CC04616570608F095
:10B6E00058C080910F2890911028009741F48DB791
:10B6F0009EB74091132850911428841B950BE8178E
:10B70000F90708F055C0E093A82BF093A92BF90195
:10B7100060837183A0CF8D919C91119712966C904C
:10B72000129713967C901397A815B90559F56C01DB
:10B7300042E0C40ED11CCA14DB0420F1AC014A194A
:10B740005B09DA011296159780F06282738240835A
:10B750005183D9016D937C93E114F10471F0D70109
:10B760001296ED93FC93139776CF22968C0F9D1F24
:10B77000F90180839183F301EFCFE093AA2BF0933B
:10B78000AB2B69CF4816590608F42C017D01D30173
:10B790009ACFCB010E9440547C01009749F0AE0142
:10B7A000B8010E94F15BC8010E94DC54870153CFAD
:10B7B00010E000E050CF803209F091110C949D59B7
:10B7C00080528F55D8F70895FB01DC0104C08D919C
:10B7D0000190801921F441505040C8F7881B990B03
:10B7E0000895FB01DC0102C001900D9241505040D0
:10B7F000D8F70895DC0101C06D9341505040E0F747
:10B800000895FB01DC018D9181341CF08B350CF423
:10B81000805E619161341CF06B350CF4605E861BB8
:10B82000611189F3990B0895FB01DC0101900D92E0
:10B830000020E1F70895FB01DC014150504088F001
:10B840008D9181341CF08B350CF4805E61916134F4
:10B850001CF06B350CF4605E861B611171F3990B63
:10B860000895881BFCCFFB01DC010D900020E9F757
:10B8700011974150504028F0019000200D92C9F7D7
:10B8800008951C920895FB01DC014150504048F09E
:10B8900001900D920020C9F701C01D924150504007
:10B8A000E0F70895AEE0B0E0E8E5FCE50C94B65AA8
:10B8B0000D891E898F89988D26E02C8309831A8330
:10B8C00097FF02C080E090E801978D839E83AE01D0
:10B8D000455E5F4F698D7A8DCE0101960E94C357F8
:10B8E0004D815E8157FD0AC02F813885421753076D
:10B8F0000CF49A01020F131FF80110822E96E4E057
:10B900000C94CF5AAEE0B0E0E8E8FCE50C94B65AEF
:10B910000D891E8986E08C8309831A838FEF9FE748
:10B920008D839E83AE01475E5F4F6F89788DCE0118
:10B9300001960E94C3572F813885020F131FF8010B
:10B9400010822E96E4E00C94CF5A1CE0C0E5DCE0B7
:10B9500004C0FE010E94E85A2196C135D107C9F7FB
:04B96000F894FFCF89
:10B9640001005E0000000000000000008114A52515
:10B97400A0174D0E490ED528551FED29DE21A91714
:10B98400503092229E2DB628E71410150C15CF23A3
:10B99400E314000000009714DE26A01766150B2A96
:10B9A4000B226465766963655F74616C6B5F680024
:10B9B400000000000000000000000000000501017C
:10B9C400010101010000000000000000000000006F
:10B9D4000000000000000203000001020304050649
:10B9E4000700010203040500010203040506070021
:10B9F4000102030405060700010203000102030417
:10BA04000506000000000000000001010101010121
:10BA140002020202020202020303030303030303FA
:10BA240004040404050505050505050102040810C0
:10BA34002040800102040810200102040810204064
:10BA4400800102040810204080010204080102045D
:10BA5400081020400DFD0300874412FD0200384009
:10BA6400C4FD0200973B1BFD0200931D1FFD020055
:10BA7400221D23FD0300D63E57FC0300903C2BFD02
:10BA840003006F3A2FFD0300CD3C33FD0300D93B87
:10BA94003CFD03000D3C47FD020087374DFD0200CD
:10BAA4003D3D52FD0300FC4557FD0200781D5BFD42
:10BAB400030079425EFD0300EE3762FD0200784028
:10BAC40066FD02003C406AFD0100A63A6EFD0200DC
:10BAD400333874FD03004A3C79FD0200E91C7FFD04
:10BAE4000100E83984FD0200FD4089FD0200FE3CAE
:10BAF40095FD02002B3A99FD0200E438A0FD0300F5
:10BB0400441DA4FD0200143BA8FD0300351DB0FD37
:10BB140002008B36B5FD03001C4515FD0200EE3E08
:10BB2400BDFD02005D1CC1FD02006B39C9FD0100B1
:10BB3400E93AD0FD02007538D4FD0100A739D8FDDB
:10BB44000200D41CDCFD0200BF1C85FC0300A841DC
:10BB5400E0FD0300ED1DE8FD0300FD4300000000CF
:10BB6400C411361063101A129410721086105C11EE
:10BB740051119717C310AA106D12000000002E1364
:10BB84000913A0174D0E0410F612E712000000006E
:10BB9400B8148A250825EB249E27FF28641F4A2A07
:10BBA400BD302C2959223722FC0F6515211E621540
:10BBB4006015AD145615102B562CE02A52150000B2
:10BBC4000000E11B00000000F3313610A01700252F
:10BBD400A72719298B270D0A00566572626F7365B2
:10BBE4003A200057495A6E657400202C0900456EAE
:10BBF40061626C65640044697361626C6564000A27
:10BC04000D00535251206175746F204F4E005352F2
:10BC140051206175746F204F46460052454E206195
:10BC2400737365727465640052454E20756E2D61A0
:10BC34007373657274656400434F4E54524F4C4C99
:10BC440045520044455649434500616C6C00776990
:10BC5400706500656F6900307830003A002C200967
:10BC6400007265616C002A69646E3F0076657273C8
:10BC74007472006E616D650073657269616C006653
:10BC840077766572002530396C750025733A200982
:10BC94005B25645D200925640070696E7300766518
:10BCA40072737472200020090A0070726F00657844
:10BCB4007400427974657320726561642E004D418D
:10BCC40043204164647265737320726561642E005D
:10BCD4002530325820007372632F70726F6C6F6757
:10BCE40069785F7365727665722E637070002028C0
:10BCF4000029203E20004C6E5264793A200042759F
:10BD0400666665723A20002D006164647200616C9D
:10BD14006C73706F6C6C00636C720064636C0064B1
:10BD2400656661756C7400656F7200656F7300659C
:10BD34006F745F6368617200656F745F656E6162E2
:10BD44006C6500666C61677300666E646C006865A0
:10BD54006C70006966630069640069646E006C6CF1
:10BD64006F006C6F63006C6F6E006D6163726F00C7
:10BD74006D6F64650070706F6C6C0070726F6D0035
:10BD84007265616400726561645F746D6F5F6D7389
:10BD94000072656E00726570656174007273740080
:10BDA40074726700736176656366670073656E64B9
:10BDB40000736574767374720073727100737271B8
:10BDC4006175746F007374617475730074637400C7
:10BDD400746F6E00756E6C00756E740076657262B9
:0ABDE4006F73650078646961670001
:10BDEE000A030000C0EE02314B35E5023F000000B1
:0ABDFE0000AE2B80000100000000E1
:0400000300000200F7
:00000001FF
