:100200000C94CF0B0C94F70B0C94F70B0C94F70B8E
:100210000C94F70B0C94F70B0C94F70B0C94F70B56
:100220000C94F70B0C94F70B0C94F70B0C94F70B46
:100230000C94F70B0C94F70B0C94983B0C943B3CF0
:100240000C94F70B0C946A3B0C94443B0C94F70B06
:100250000C94F70B0C94F70B0C94F70B0C94F70B16
:100260000C94F70B0C941C3B0C94F70B0C94F70BB1
:100270000C94F70B0C94F70B0C94F70B0C94F70BF6
:100280000C94F70B0C94F70B0C94F70B0C94F70BE6
:100290000C94F70B0C94F70B0C94F70B0C94F70BD6
:1002A0006364696E6F70737578585B003F202D2012
:1002B0004D656E750032202D20536574206465668F
:1002C00061756C7420696E737472756D656E7420DF
:1002D000616464726573730031202D20536574204E
:1002E00049502061646472657373000A436F6D6DD9
:1002F000616E642061626F727465642E000A496EDB
:1003000076616C696420495020616464726573731E
:1003100020666F726D61742E00596F752077696C5D
:100320006C206E65656420746F207265626F6F74F7
:10033000206E6F772E000A49502041646472657305
:10034000732077696C6C2062652073657420746F0C
:100350003A2000456E746572207468652064657388
:10036000697265642049502061646472657373200A
:1003700028302E302E302E30206D65616E733A207D
:100380007573652044484350293A200076696120FE
:10039000444843502E00436F6E666967757265640A
:1003A00020495020416464726573733A20000A4307
:1003B000757272656E742049502041646472657371
:1003C000733A20000A436F6D6D616E642061626F45
:1003D000727465642E000A496E76616C69642069E6
:1003E0006E737472756D656E74206164647265738A
:1003F000732E00596F752077696C6C206E6565648B
:1004000020746F207265626F6F74206E6F772E009C
:100410000A44656661756C7420496E737472756DFB
:10042000656E7420616464726573732077696C6CA7
:100430002062652073657420746F3A2000456E74E5
:1004400065722074686520646573697265642064F0
:10045000656661756C7420696E737472756D656E16
:100460007420616464726573732028302D333029E1
:100470002C20776974682030206265696E6720746B
:10048000686520676174657761793A20000A437571
:100490007272656E742064656661756C7420696E35
:1004A000737472756D656E742061646472657373C4
:1004B0003A20002D205352414D206C6566743A203D
:1004C00000496E697469616C6973696E672045459E
:1004D00050524F4D2E2E2E2E00454550524F4D203E
:1004E00043524320636865636B206661696C656491
:1004F0002E2045726173696E6720454550524F4DFD
:100500002E2E2E2E002121204E6F2076616C6964E4
:10051000204950206164647265737320617373694C
:10052000676E65642E20506C656173652063686535
:10053000636B20796F7572206E6574776F726B20B4
:1005400073657474696E67732E004950204164644A
:10055000726573733A20004D6178696D756D206E18
:10056000756D626572206F66206368617261637485
:1005700065727320697320726561636865642069C0
:100580006E206120636F6D6D616E64207465787498
:100590000000536574757020636F6D706C657465D1
:1005A0002E005374617274696E67205365726961BD
:1005B0006C204D656E752E2E2E0053746172746919
:1005C0006E672057656220736572766572206F6E64
:1005D00020706F72742038302E2E2E005658492D00
:1005E0003131207365727665727320737461727431
:1005F0006564005374617274696E67205658492DA2
:10060000313120706F7274206D617070657273206B
:100610006F6E2054435020616E6420554450206F0B
:100620006E20706F7274203131312E2E2E00537473
:10063000617274696E67205658492D3131205443D8
:10064000502052504320736572766572206F6E2081
:10065000706F727420393031302E2E2E0057616940
:1006600074696E6720666F7220444843502E2E2EA8
:100670000054686520646576696365732773206438
:10068000656661756C742061646472657373207053
:100690006F696E747320746F204750494220616403
:1006A00064726573732000436F6E66696775726963
:1006B0006E6720616E64205374617274696E672086
:1006C00047504942206275732E2E2E004D41432023
:1006D000416464726573733A200045746865726E94
:1006E00065743247504942204761746577617920CB
:1006F00076322E33202841523438382076302E3549
:10070000332E3339290A00202D3E2063616E636544
:100710006C6C6174696F6E202100202D3E20636136
:100720006E63656C6C6174696F6E202100202D3ED4
:1007300020746F6F206D616E7920617267756D65D1
:100740006E7473202120286F6E652063686172616A
:1007500063746572206F6E6C79290000202D3E2035
:100760004E6F20636F6D6D616E6420636F646520F2
:100770006D61746368696E67202100202D3E2074CE
:100780006F6F206D616E7920617267756D656E7433
:1007900073202120286F6E65206368617261637425
:1007A0006572206F6E6C7929002C20506C65617326
:1007B0006520696E666F726D20796F757220636C4B
:1007C00069656E74732100495020416464726573D9
:1007D0007320686173206368616E67656420746F5D
:1007E000200049502041646472657373206861730E
:1007F000206265656E2061737369676E65643A2077
:100800000045746865726E6574206C696E6B206952
:1008100073204F4B206E6F77005265736574746957
:100820006E6720616C6C20636C69656E7420636F09
:100830006E6E656374696F6E732E2E2E0020697361
:100840002077726F6E672E20506C65617365206330
:100850006865636B2044484350210049502041643F
:100860006472657373200045746865726E657420E8
:100870006C696E6B206973204F4646003C2F6F7089
:1008800074696F6E3E00223E003C6F7074696F6E3B
:100890002076616C75653D22003C2F626F64793E65
:1008A0003C2F68746D6C3E0A0A003C2F73656C65C2
:1008B00063743E3C2F74643E3C2F74723E3C7472F1
:1008C0003E3C746420636F6C7370616E3D22322213
:1008D0003E3C627574746F6E2069643D22657822B7
:1008E000206F6E636C69636B3D2265782830292226
:1008F0003E51756572793C2F627574746F6E3E2639
:100900006E6273703B266E6273703B3C62757474EA
:100910006F6E206F6E636C69636B3D226578283162
:100920002922207374796C653D226261636B677262
:100930006F756E642D636F6C6F723A202338383890
:100940003B223E53656E643C2F627574746F6E3E3D
:10095000203C627574746F6E206F6E636C69636B9C
:100960003D22657828322922207374796C653D22F6
:100970006261636B67726F756E642D636F6C6F720B
:100980003A20233838383B223E526561643C2F625E
:100990007574746F6E3E203C2F74643E3C2F7472ED
:1009A0003E3C74723E3C746820636F6C7370616E81
:1009B0003D2232223E486973746F72793C2F74680D
:1009C0003E3C2F74723E3C74723E3C746420636FF4
:1009D0006C7370616E3D2232223E3C7465787461A6
:1009E0007265612069643D22722220726F77733DC7
:1009F0002231302220636F6C733D22383022207206
:100A00006561646F6E6C793E3C2F746578746172B9
:100A100065613E3C6272202F3E203C627574746FAB
:100A20006E206F6E636C69636B3D2273656C662E1E
:100A3000722E76616C75653D27273B207363726F5C
:100A40006C6C2829223E436C65617220686973745E
:100A50006F72793C2F627574746F6E3E3C2F7464B4
:100A60003E3C2F74723E3C2F7461626C653E0A3CC2
:100A70007363726970743E0A66756E6374696F6E33
:100A8000207469636B2829207B206665746368285D
:100A9000222F636E782229202E7468656E282872B2
:100AA0006573706F6E736529203D3E207B206966FB
:100AB000202821726573706F6E73652E6F6B29200D
:100AC0007B2072657475726E20223F223B207D2050
:100AD00072657475726E20726573706F6E73652EB9
:100AE0007465787428293B207D29202E7468656EF2
:100AF00028286461746129203D3E207B2073656C49
:100B0000662E636E782E696E6E657248544D4C2069
:100B10003D20646174613B207D293B207D0A736523
:100B200074496E74657276616C287469636B2C20ED
:100B300035303030293B66756E6374696F6E2066A0
:100B4000696E642829207B20666574636828222FDB
:100B5000666E642229202E7468656E28287265737B
:100B6000706F6E736529203D3E207B2069662028CA
:100B700021726573706F6E73652E6F6B29207B20F9
:100B80007468726F77206E6577204572726F722875
:100B9000224552523A2022202B20726573706F6ECC
:100BA00073652E73746174757354657874293B2072
:100BB0007D2072657475726E20726573706F6E73CE
:100BC000652E7465787428293B207D29202E746851
:100BD000656E28286461746129203D3E207B207366
:100BE000656C662E696E73742E696E6E65724854FC
:100BF0004D4C203D20646174613B207D293B207D6C
:100C00003B0A66756E6374696F6E20657828742977
:100C1000207B20636F6E737420696E7374203D2097
:100C200073656C662E696E73742E76616C75653BA8
:100C300020636F6E737420636D64203D2073656C58
:100C4000662E636D642E76616C75653B0A6966205D
:100C500028696E7374203D3D3D20222229207B208F
:100C6000616C6572742822506C65617365207365D0
:100C70006C65637420616E20696E737472756D6546
:100C80006E7422293B2072657475726E3B207D0A5A
:100C9000766172206D203D20222F657822202B2046
:100CA000742E746F537472696E672829202B20226A
:100CB0002F22202B20696E7374202B20222F223BA1
:100CC0000A6966202874203C203229207B2069662E
:100CD0002028636D64203D3D3D20222229207B2079
:100CE000616C6572742822506C6561736520656E55
:100CF000746572206120636F6D6D616E6422293BA3
:100D00002072657475726E3B207D206D202B3D2016
:100D1000636D643B207D0A73656C662E722E76616E
:100D20006C7565203D20225C6E22202B2073656C43
:100D3000662E722E76616C75653B20646F63756DEF
:100D4000656E742E626F64792E7374796C652E6390
:100D50007572736F72203D202777616974273B207D
:100D6000646F63756D656E742E676574456C656D33
:100D7000656E74427949642822657822292E73743D
:100D8000796C652E637572736F72203D20277761D1
:100D90006974273B206665746368286D29202E746A
:100DA00068656E2828726573706F6E736529203DC3
:100DB0003E207B20646F63756D656E742E626F6478
:100DC000792E7374796C652E637572736F72203D22
:100DD000202764656661756C74273B20646F6375BA
:100DE0006D656E742E676574456C656D656E7442D5
:100DF0007949642822657822292E7374796C652ECE
:100E0000637572736F72203D202764656661756C2F
:100E100074273B206966202821726573706F6E739A
:100E2000652E6F6B29207B207468726F77206E654A
:100E300077204572726F7228224552523A20222042
:100E40002B20726573706F6E73652E737461747589
:100E50007354657874293B207D2072657475726EB9
:100E600020726573706F6E73652E746578742829AF
:100E70003B207D290A2E7468656E282864617461A0
:100E800029203D3E207B20696620282874203D3D96
:100E90003D2032297C7C282874203D3D3D2030298E
:100EA0002626286461746120213D3D2022222929C3
:100EB00029207B2073656C662E722E76616C7565B9
:100EC000203D20223C3D2022202B20696E7374207F
:100ED0002B20223A2022202B20646174612E747210
:100EE000696D2829202B20225C6E22202B2073651F
:100EF0006C662E722E76616C75653B207D0A696684
:100F0000202874203C203229207B2073656C662EBB
:100F1000722E76616C7565203D20223D3E20222098
:100F20002B20696E7374202B20223A2022202B2044
:100F3000636D64202B20225C6E22202B2073656C55
:100F4000662E722E76616C75653B207D0A73637226
:100F50006F6C6C28293B207D293B207D3B0A667500
:100F60006E6374696F6E207363726F6C6C282920D6
:100F70007B2073656C662E722E7363726F6C6C547B
:100F80006F70203D20303B207D0A646F63756D6576
:100F90006E742E717565727953656C6563746F72CA
:100FA000282223636D6422292E6164644576656E70
:100FB000744C697374656E657228226B65797570FF
:100FC000222C206576656E74203D3E207B2069666C
:100FD000286576656E742E6B657920213D3D202253
:100FE000456E74657222292072657475726E3B209D
:100FF000646F63756D656E742E7175657279536576
:101000006C6563746F72282223657822292E636CC5
:1010100069636B28293B206576656E742E70726556
:1010200076656E7444656661756C7428293B207D15
:10103000293B0A3C2F7363726970743E0A003C6856
:10104000323E496E74657261637469766520494FFA
:101050003C2F68323E3C7461626C653E3C74723E6B
:101060003C746420636F6C7370616E3D2233223E6A
:1010700053656E642072656D6F74652070726F6762
:1010800072616D6D696E6720285343504929206352
:101090006F6D6D616E647320616E64207175657231
:1010A00069657320746F2074686520696E7374724B
:1010B000756D656E7420616E642076696577207445
:1010C000686520726573706F6E73657320726574E6
:1010D00075726E65642062792074686520696E732C
:1010E0007472756D656E742E3C6272202F3E3C2FBB
:1010F00074643E3C2F74723E203C74723E3C7468B3
:101100003E496E737472756D656E74733C2F7468AE
:101110003E3C746820636F6C7370616E3D223222B6
:101120003E436F6D6D616E643C2F74683E3C2F745E
:10113000723E203C74723E3C746420726F77737010
:10114000616E3D2234223E3C73656C656374206998
:10115000643D22696E7374222073697A653D22347E
:1011600022207374796C653D2277696474683A2033
:101170003863683B206F766572666C6F772D793ABD
:10118000206175746F3B223E3C2F73656C65637400
:101190003E3C6272202F3E3C627574746F6E206F0D
:1011A0006E636C69636B3D2266696E642829223E1A
:1011B00046696E643C2F627574746F6E3E3C2F748A
:1011C000643E3C74642077696474683D223830253D
:1011D000223E3C696E70757420747970653D22748E
:1011E000657874222069643D22636D6422206D61FC
:1011F000786C656E6774683D3130302076616C754F
:10120000653D2222202F3E3C2F74643E3C74643E98
:101210003C627574746F6E206F6E636C69636B3DB6
:101220002273656C662E636D642E76616C75653D08
:1012300073656C662E7072652E76616C7565223EE4
:10124000266C743B3C2F627574746F6E3E3C736504
:101250006C6563742069643D22707265223E003AB9
:101260003A677069622C3C693E4E3C2F693E3A3ABF
:10127000494E5354523C2F623E206F72203C623ED6
:101280002E2E2E3A3A696E73743C693E4E3C2F699D
:101290003E3A3A494E5354523C2F623E2C207768D6
:1012A000657265203C693E4E3C2F693E2069732083
:1012B00074686569722061646472657373206F6E0F
:1012C0002074686520475049422062757320283198
:1012D0002E2E3330293C2F74643E3C2F74723E3CDA
:1012E0002F7461626C653E003A3A494E5354523C49
:1012F0002F623E2028756E6C65737320796F7520A0
:10130000686176652073657420746865206465661D
:1013100061756C7420696E737472756D656E74207E
:101320006164647265737320746F20736F6D65748C
:1013300068696E6720656C7365207468616E203023
:10134000293C2F74643E3C2F74723E3C74723E3CC8
:1013500074643E496E737472756D656E74733A3C55
:101360002F74643E3C74643E3C623E54435049508A
:101370003A3A003C68323E5658492D31312C2056BD
:1013800049534120636F6E6E656374696F6E20739D
:101390007472696E67733C2F68323E3C7461626C94
:1013A000653E3C74723E3C74643E436F6E74726F73
:1013B0006C6C65723A3C2F74643E3C74643E3C62D3
:1013C0003E54435049503A3A003C2F7370616E3E90
:1013D0003C2F703E0A003C21444F43545950452055
:1013E00068746D6C3E3C68746D6C206C616E673D1A
:1013F00022656E223E3C686561643E3C6D657461A9
:1014000020636861727365743D225554462D3822FD
:10141000202F3E203C6D657461206E616D653D221C
:1014200076696577706F72742220636F6E74656E73
:10143000743D2277696474683D6465766963652DDF
:1014400077696474682C20696E697469616C2D73A6
:1014500063616C653D312E3022202F3E203C746943
:10146000746C653E45746865726E657432475049A8
:10147000423C2F7469746C653E3C7374796C653EB4
:1014800020626F6479207B20666F6E742D66616DBB
:10149000696C793A20417269616C2C2073616E73BA
:1014A0002D73657269663B207D207461626C6520D6
:1014B0007B20746578742D616C69676E3A206C6569
:1014C00066743B20626F726465722D636F6C6C6131
:1014D0007073653A20636F6C6C617073653B207D3F
:1014E0002074682C207464207B2070616464696EB1
:1014F000673A20327078203870783B2077686974BA
:10150000652D73706163653A206E6F777261703B11
:1015100020766572746963616C2D616C69676E3ADF
:1015200020746F703B207D207468207B2070616484
:1015300064696E672D746F703A203870783B207D37
:1015400020627574746F6E207B206D617267696EA6
:101550003A20307078203270783B20636F6C6F7265
:101560003A2077686974653B206261636B67726FCC
:10157000756E642D636F6C6F723A20233636363B7E
:101580002070616464696E673A203270782031326D
:1015900070783B20626F726465722D726164697548
:1015A000733A203470783B20626F726465723A201F
:1015B00031707820736F6C696420233838383B2091
:1015C000637572736F723A20706F696E7465723BE7
:1015D000207D207465787461726561207B20776955
:1015E0006474683A20313030253B207D20696E706C
:1015F0007574207B2077696474683A203130302517
:101600003B207D206832207B20626F726465722DE2
:10161000626F74746F6D3A2032707820736F6C69EA
:101620006420677265793B207D3C2F7374796C650B
:101630003E3C2F686561643E3C626F64793E3C6865
:10164000313E45746865726E657432475049422078
:10165000476174657761792076322E3320284152B4
:101660003438382076302E35332E3339290A3C2F42
:1016700068313E3C703E4E756D626572206F66202B
:10168000636C69656E7420636F6E6E656374696FF9
:101690006E733A203C7370616E2069643D22636E04
:1016A00078223E00485454502F312E3120323030B1
:1016B000204F4B0A436F6E74656E742D54797065BC
:1016C0003A20746578742F68746D6C0A436F6E6E7F
:1016D000656374696F6E3A20636C6F73650A0A0004
:1016E000485454502F312E3120343034204E6F74F2
:1016F00020466F756E640A00485454502F312E31C5
:1017000020323030204F4B0A436F6E74656E742D5B
:10171000547970653A20746578742F706C61696EC5
:101720000A436F6E6E656374696F6E3A20636C6F07
:1017300073650A0A003C2F6F7074696F6E3E002259
:101740003E003C6F7074696F6E2076616C75653D0C
:101750002200496E74657266616365206D697374F9
:10176000616B652077697468206C69627261727957
:101770002053657269616C53657269616C4D656E69
:1017800075436D64004E6F204D656E7520696E2047
:101790006D656D6F7279003E00002F3D123D112482
:1017A0001FBECFEFCDBFDFE3DEBF18E2A0E0B8E29F
:1017B000E9E4F0EB02C005900D92AE31B107D9F724
:1017C00026E3AEE1B8E201C01D92A731B207E1F70E
:1017D0001BE0CEECDBE004C02197FE010E94A15289
:1017E000CD3CD107C9F70E94003F0C94F9560C94E8
:1017F0000001FC01BC01645A7F4F8FEF9FEF2191E4
:10180000322F3927232F22952F702327422F50E084
:10181000382FCA01982F88279295907F282739273B
:10182000CA01B5E0880F991FBA95E1F7822793277F
:101830006E177F0721F708958F929F92AF92BF9204
:10184000CF92DF92EF92FF920F93CF93DF9380912D
:10185000AD32882319F081FF0DC07894DF91CF91CC
:101860000F91FF90EF90DF90CF90BF90AF909F903F
:101870008F90089580FFF2CF8090AF329090B03279
:10188000A090B132B090B232C12CD12C7601E0E000
:101890009401A501B601C701A0E00E94955291F103
:1018A000217030E040E050E060E070E080E090E0E7
:1018B0000E949552D1F0B0E0A0E0E03370F4AE2F7A
:1018C000A695A695A69580E2A89FD0011124A05FB9
:1018D000BB4F8E2F8770A80FB11DCE2FD0E0C955FA
:1018E000DD4C88899C91892B8C939401A501B601CC
:1018F000C70101E00E947A5249015A016B017C0143
:10190000EF5FC6CF8090B3329090B432A090B532E2
:10191000B090B632C12CD12C7601E0E29401A50141
:10192000B601C701A0E00E94955209F497CF21703B
:1019300030E040E050E060E070E080E090E00E9445
:101940009552D1F0B0E0A0E0E03370F4AE2FA69550
:10195000A695A69580E2A89FD0011124A05FBB4F59
:101960008E2F8770A80FB11DCE2FD0E0C955DD4C4A
:1019700088899C91892B8C939401A501B601C7019C
:1019800001E00E947A5249015A016B017C01EF5F2C
:10199000C5CF00008093C4088091C30887FFFCCFA7
:1019A0008091C40808950F931F93CF93DF93EC01A8
:1019B0008C01060F171FC017D10729F088810E94DC
:1019C000C90C8993F8CFDF91CF911F910F910895A2
:1019D0008F929F92AF92BF92CF92DF92EF92FF923F
:1019E0000F931F93CF93DF93182FF92F8091AD3270
:1019F000882319F081FF12C0F8941093C008F09367
:101A0000C108DF91CF911F910F91FF90EF90DF9070
:101A1000CF90BF90AF909F908F90089580FFEDCFB3
:101A20008090AF329090B032A090B132B090B2328C
:101A3000C12CD12C7601E0E09401A501B601C701CB
:101A4000A0E00E949552A9F1217030E040E050E002
:101A500060E070E080E090E00E949552E9F0D0E014
:101A6000C0E0E03370F4CE2FC695C695C69580E2EF
:101A7000C89FE0011124C05FDB4F8E2F8770C80F15
:101A8000D11D8E2F90E0288189559D4CDC01509608
:101A90002C938881887F88839401A501B601C701B2
:101AA00001E00E947A5249015A016B017C01EF5F0B
:101AB000C3CF8090B3329090B432A090B532B09042
:101AC000B632C12CD12C7601E0E29401A501B60119
:101AD000C701A0E00E94955209F48FCF217030E039
:101AE00040E050E060E070E080E090E00E949552BD
:101AF000E9F0D0E0C0E0E03370F4CE2FC695C69593
:101B0000C695B0E2CB9FE0011124C05FDB4F8E2F62
:101B10008770C80FD11D8E2F90E0288189559D4C6C
:101B2000DC0150962C938881887F88839401A501DD
:101B3000B601C70101E00E947A5249015A016B01C6
:101B40007C01EF5FC2CF20E3FC0120833296862F19
:101B500082958F706F706A3030F4605D6293682F89
:101B60008111F5CF0895695CF9CFFC01818D928DCB
:101B700008950895CF93DF9390E0FC01E156F14181
:101B800020812F3F61F0FC01EA58F141E08130E211
:101B9000E39FF0011124FC5F613021F42183DF9188
:101BA000CF910895835B9141EC01A881AF3F69F02B
:101BB000CF014096A80FB92FB11D9FB7F89422838B
:101BC0008C9188608C939FBFEACFB0E0A0E0F5CF06
:101BD00090E0FC01EC5DF141E081EE2319F1E13090
:101BE00021F000F1E630A8F00895835B9141FC01FB
:101BF0002081233008F02F5F3091010A81E090E0CE
:101C000001C0880F2A95EAF7809583238093010A03
:101C1000089580E1E89FF0011124E05AF54F818199
:101C20008F7E818308950F931F93CF93DF93C82FE7
:101C3000D0E0FE01E156F14100810F3FA1F0162FE7
:101C4000893210F40E94E80DFE01EA58F141E0816A
:101C500080E2E89FF0011124FC5F8081802351F035
:101C6000111106C00683DF91CF911F910F91089546
:101C70000583F9CFC35BD1418881309771F08F3FE5
:101C800061F07096E80FF11D9FB7F89480811111F3
:101C900007C0877F80839FBFE6CFF0E0E0E0F4CF0E
:101CA0008860F8CF0F931F93CF93082F10E0F801AF
:101CB000E156F141C081CF3F79F00E94E80DF80173
:101CC000EA58F141E08180E2E89FF0011124FC5FD5
:101CD0008085C82381E009F480E0CF911F910F91A6
:101CE0000895893210F40C94130E0895EF92FF9228
:101CF0000F931F93CF93DF93E82EF12CF701E35B53
:101D0000F14100810F3FD9F1EB01182F61E00E94F2
:101D1000BA0D209751F460E0812FDF91CF911F9190
:101D20000F91FF90EF900C94710ECF3FD10511F4FD
:101D300061E0F2CFF701EC5DF141E081E13039F093
:101D400010F0E63030F1C038D10594F7E4CFE02F41
:101D5000F0E0EE0FFF1F0330C8F0ED5DF54F0F5FB1
:101D60008FB7F894C0838FBF8091010A21E030E0E3
:101D700001C0220F0A95EAF7822B8093010ADF91B6
:101D8000CF911F910F91FF90EF900895E85DF54F6F
:101D9000E7CF80E1E89FF0011124E05AF54F8FB7BB
:101DA000F89494859487C5878FBF818180618183F2
:101DB000E6CF00000000000000009C012750310920
:101DC000880F991F880F991F820F931F0197F1F7B2
:101DD00008956FB7F89420919631309197314091E2
:101DE0009831509199318091AA0A9091AB0A7091E3
:101DF000A60A70FF08C02F5F3F4F4F4F5F4F809183
:101E0000AA0A9091AB0A6FBFE92FFF27BC01A4E09B
:101E100076956795AA95E1F7E60FF71FBC01B6E046
:101E200076956795BA95E1F7E61BF70B892F992709
:101E300086958695E81BF90BA8EEB3E00E941E522A
:101E40006E0F7F1F811D911D08958F929F92AF92FB
:101E5000BF92CF92DF92EF92FF924B015C010E9402
:101E6000E90E6B017C01A8EEB3E0A50194010E948C
:101E70001E52C60ED71EE81EF91EC616D706E80665
:101E8000F90618F40E94E90EF8CF0E94E90E6C15CD
:101E90007D058E059F05C8F3FF90EF90DF90CF90F2
:101EA000BF90AF909F908F9008952FB7F894609156
:101EB00096317091973180919831909199312FBFDF
:101EC000089521E0FC018485883008F020E0822F0D
:101ED000089528E83FEEFC0120833183FB0140890F
:101EE000518962897389FC014283538364837583BA
:101EF0000895FC01848995890895809136289091F0
:101F00003728891B990B08954F925F926F927F92A9
:101F1000AF92BF92CF92DF92EF92FF920F931F93F7
:101F2000CF93DF93EC016B017B01E40EF51E8B0177
:101F30005801AC18BD080E151F0511F10E94550F70
:101F4000688779878A879B87E881F9810284F3858E
:101F5000E02DCE01099597FF23C00E94550F4884BC
:101F600059846A847B8464197509860997094C80B1
:101F70005D806E807F80641575058605970520F36A
:101F8000C501DF91CF911F910F91FF90EF90DF90EE
:101F9000CF90BF90AF907F906F905F904F900895DB
:101FA000F80181938F01C4CFDC01ED91FC91019088
:101FB000F081E02D0994EF92FF920F931F93CF933E
:101FC000DF938C017B01D0E0C0E0F701EC0FFD1F37
:101FD0006491662361F0D801ED91FC910190F0814C
:101FE000E02DC8010995892B11F02196EECFCE0185
:101FF000DF91CF911F910F91FF90EF900895AF92D5
:10200000BF92CF92DF92EF92FF920F931F93CF93E5
:10201000DF936C017B018B01040F151FEB015E0147
:10202000AE18BF08C017D10759F06991D601ED91DC
:10203000FC910190F081E02DC6010995892B79F77B
:10204000C501DF91CF911F910F91FF90EF90DF902D
:10205000CF90BF90AF900895FC01508D418D252FFA
:1020600030E0842F90E0821B930B541710F0CF9632
:10207000089501970895FC0196898789981761F062
:10208000A789AE0FBF2FB11D5D968C9197899F5F79
:102090009F73978B90E008958FEF9FEF0895FC0159
:1020A00096898789981731F08789E80FF11D858D0A
:1020B00090E008958FEF9FEF0895FC01968927899E
:1020C000892F90E0805C9F4F821B91098F73992725
:1020D00008958EEE92E30E945D1021E0892B09F4B1
:1020E00020E0822F0895CF93DF93EC01E881F981FE
:1020F0000680F781E02D0995EC85FD8586818F733B
:102100008683EC85FD8585818F7585838F898E8B90
:102110001D8ADF91CF910895AF92BF92CF92DF9247
:10212000EF92FF920F931F93CF93DF93EC016A011D
:102130007B01A22E8D89882339F0E881F9810688F8
:10214000F789E02DCE0109950C8910E0BFB6F8940F
:1021500060E078E689E899E0A70196010E94DD51E8
:1021600069017A018FEFC81AD80AE80AF80AF694CA
:10217000E794D794C794EC85FD8586818D7F86830F
:10218000EC85FD85868186831D8AA09125110A2E06
:10219000000CBB0BA70196010E94295220E034E0FD
:1021A00040E050E00E94FF51EC85FD85C20ED31E39
:1021B000E41EF51EC086D186EC85FD85A782EC85E0
:1021C000FD858681806C8683EC85FD8585818068B0
:1021D00085839091E2058B89809589237801EE0CA7
:1021E000FF1CF701E00FF11FEC0FFD1F9089892BF9
:1021F0008093E2058685893218F462E00E94BA0D68
:102200000E0D1F1DC00FD11F61E08F850E94710E42
:102210008F85893218F461E00E94BA0DBFBEDF914C
:10222000CF911F910F91FF90EF90DF90CF90BF90D3
:10223000AF900895FC01613019F4648B81E008953A
:10224000148A6623D9F380E00895DC0154961C9229
:10225000549754968C9154978230A0F4282F30E0F4
:10226000F901EE0FFF1FE20FF31FEA0FFB1F978527
:10227000961303C09685941749F08F5F54968C93FC
:102280005497E7CF54961C9280E0089581E008951A
:10229000CF93DF93FC01908D818DC485D5859813F4
:1022A00006C08D818F7D8D83DF91CF910895A18DA3
:1022B000AE0FBF2FB11DA35ABF4F2C91818D90E05F
:1022C00001968F739927818F80E48C83A485B585CF
:1022D00012962C93908D818D9813E6CFA485B585A9
:1022E00015968C9115978F7D15968C93838D8823E9
:1022F000D9F2848D80931301138ED6CFDC011C9606
:10230000ED91FC910FB607FE03C0258125FD04C0A9
:10231000248125FD0C9448110895EF92FF920F93AC
:102320001F93CF93DF93EC0181E08D8B988D898D86
:1023300098131CC0AC85BD8514968C91149785FFAD
:1023400015C012966C93AC85BD8580E414968C9371
:10235000EC85FD8585818F7D858381E090E0DF912F
:10236000CF911F910F91FF90EF90089580911101EF
:1023700080FF08C0809113018C8F8A8D8093130198
:1023800081E08B8FF62E088D10E00F5F1F4F0F73CB
:102390001127E02E898D8E1104C0CE010E947E117E
:1023A000F9CFE88DEC0FFD2FF11DE35AFF4FF082BE
:1023B000088FEC85FD8585818062CECF682F8EEEFB
:1023C00092E30C948D11CF93DF93FC012589222396
:1023D000C9F0EC018091110180FF08C080911301C8
:1023E000848F828D8093130181E0838FEC85FD853E
:1023F000858185FD03C0848186FD04C0CE010E94D5
:102400007E11F4CFDF91CF91089580E090E0892B89
:1024100029F00E94691081110E94000080E090E084
:10242000892B49F080E090E0892B29F00E94000080
:1024300081110E94000080E090E0892B49F080E04B
:1024400090E0892B29F00E94000081110E94000079
:1024500080E090E0892B49F080E090E0892B29F022
:102460000E94000081110C940000089581E00895FD
:102470000F9391E0909378281092312860932F2841
:102480007093302840932E2820932D2810923228C4
:102490001092332800932C28880F80932B2893E0E8
:1024A00024E080912E28882331F090937928809120
:1024B0002B288E7F09C080912D28882341F02093FE
:1024C000792880912B2881608093A70808C080918B
:1024D0002E28811104C080912D28882331F380910A
:1024E00031288823E1F3809131288330D1F2809123
:1024F0002D28882321F0809133280F910895909101
:10250000312881E09130C9F780E0F7CFE0EAF8E0C8
:1025100091859066918792E0909379288093252801
:1025200010922428089581E0809324281092252871
:1025300093E09093AA089091AB0891FF0BC0109282
:102540002928F0E0E0E009958093282885E0809331
:102550007928089510922A288093272886E0F7CFBB
:10256000E091372880913628E81730F4F0E0E85CF5
:10257000F74D808190E008958FEF9FEF089590913F
:102580003728809136282FEF3FEF981748F4E92F2E
:10259000F0E0E85CF74D208130E09F5F90933728B2
:1025A000C9010895CF92DF92EF92FF920F931F938C
:1025B000CF93DF937C018A01EB016B01C40ED51E22
:1025C000CC15DD0551F06991D701ED91FC91019099
:1025D000F081E02DC7010995F3CFC801DF91CF91BC
:1025E0001F910F91FF90EF90DF90CF900895209171
:1025F000BA28203440F021E030E0FC01228333830C
:1026000090E080E008958091BB28E82FF0E0E65844
:10261000F74D60838F5F8093BB288093BA2881E059
:1026200090E00895CF93DF93EC018C819D81DC01D4
:10263000ED91FC910480F581E02D09952A853B857B
:10264000009739F488859985821B930BDF91CF9190
:102650000895821B930B97FFF9CF90E080E0F6CFAF
:10266000CF93DF93DC011A964D915C914115510592
:1026700099F1EC018C819D816E817F81DC01ED916E
:10268000FC910280F381E02D09952A853B85281B6A
:10269000390B2A873B87232BA9F0009799F030E06C
:1026A00020E04A855B852417350760F4EE81FF81C1
:1026B000E20FF31FDF01A80FB91F4C9140832F5F7A
:1026C0003F4FEFCFEC81FD8182819381892B21F0F7
:1026D00081E090E08A839B83DF91CF910895AF9250
:1026E000BF92CF92DF92EF92FF920F931F93CF93FF
:1026F000DF938C016B015A017B01D0E0C0E0CA1569
:10270000DB05B9F1D8011A968D919C911B97892B05
:1027100009F5A5014C1B5D0B18968D919C9119979D
:1027200048175907B8F014968D919C91B6016C0F1B
:102730007D1FDC01ED91FC910280F381E02DDF91A2
:10274000CF911F910F91FF90EF90DF90CF90BF90AE
:10275000AF900994F70161917F01D801ED91FC914F
:102760000190F081E02DC8010995892B11F0219687
:10277000C6CFCE01DF91CF911F910F91FF90EF90C7
:10278000DF90CF90BF90AF900895FC01A681B781F4
:10279000828593859C012F5F3F4F22873387A80F47
:1027A000B91F6C9322853385808591852817390759
:1027B00041F4CF010190F081E02D0680F781E02DFA
:1027C000099581E090E00895E0912028F09121287A
:1027D000808190911F28892B80830895E091202883
:1027E000F0912128908180911F28809589238083F2
:1027F0000895AF92BF92CF92DF92EF92FF920F9324
:102800001F93CF93DF93CDB7DEB72897CDBFDEBF41
:102810008C017B016A018091E2318333E1F458013C
:10282000A40EB51EA016B10609F46FC00E94EE13E7
:1028300080EF0E94C90C812F0E94C90C802F0E943A
:10284000C90C0F5F1F4FF70181917F010E94C90CD6
:102850000E94E413E7CF5B01A40EB51E8433C1F4DC
:102860000E94EE1319830A838D2D80688B83CC829E
:1028700064E070E0CE0101960E94D30CAE14BF0458
:1028800009F441C0F70181917F010E94C90CF6CF84
:102890000E94EE130F3F110509F028F419820A83F4
:1028A00084E08B830CC017FD17C019820A8333E0C4
:1028B000169507953A95E1F7007E0C600B8386E04C
:1028C000C816D10488F5F701DE011496EA15FB0558
:1028D00099F081918D93FACFC80126E0969587955E
:1028E0002A95E1F7807E19830A830115104C10F4B4
:1028F0008461D7CF8C61D5CFB6016D5F7F4FCE019C
:1029000001960E94D30C0E94E413C6012896CDBF05
:10291000DEBFDF91CF911F910F91FF90EF90DF907D
:10292000CF90BF90AF90089563E070E0CE01019624
:102930000E94D30CF70181917F010E94C90CAE1453
:10294000BF04C1F7E0CFCF93DF931F92CDB7DEB7BF
:10295000898341E050E0BE016F5F7F4F90E080E0EF
:102960000E94F9130F90DF91CF91089590E020918C
:10297000E231233339F40C96982F990F990F990F60
:1029800080E008954896F8CFDA01E0912228F0E03F
:10299000FE2FEE27E60FF71F90E0982F8827A9015A
:1029A000BD018E0F9F1F0C94F913CF93DF9300D0BE
:1029B000CDB7DEB779836A8322E030E0AE014F5FA6
:1029C0005F4F60E170E00E94C4140F900F90DF91A0
:1029D000CF910895CF93DF9300D0CDB7DEB7798341
:1029E0006A8322E030E0AE014F5F5F4F64E070E049
:1029F0000E94C4140F900F90DF91CF910895CF9350
:102A0000DF931F92CDB7DEB72091222830E0322F1E
:102A10002227260F371F90E0982F8827498341E00F
:102A200050E0BE016F5F7F4F820F931F0E94F9132A
:102A30000F90DF91CF910895CF93DF931F92CDB781
:102A4000DEB76983DC01ED91FC910280F381E02D1A
:102A500041E050E0BE016F5F7F4F09950F90DF911D
:102A6000CF910895CF93DF931F92CDB7DEB76983DF
:102A7000DC01ED91FC910280F381E02D41E050E01A
:102A8000BE016F5F7F4F09950F90DF91CF91089541
:102A9000FC019485FB018485981303C081E0983084
:102AA00008F080E00895CF93DF931F92CDB7DEB793
:102AB0006983DC01ED91FC910280F381E02D41E01E
:102AC00050E0BE016F5F7F4F09950F90DF91CF916E
:102AD000089544E050E0BC018FE090E00C94F913BD
:102AE00044E050E0BC0185E090E00C94F91344E030
:102AF00050E0BC0181E090E00C94F9130F931F9318
:102B0000CF93DF93EC0122968C0106581F4FE8818A
:102B1000F981008CF18DE02DCE010995882351F0CB
:102B20002F96C017D10799F780E0DF91CF911F91C1
:102B30000F91089581E0F9CFFC01108A118A089560
:102B400090E080E0089560E08DE00E94130E61E067
:102B500087E20E94130E61E086E20C94130EFC01E2
:102B6000828181110CC08381811109C0848181110E
:102B700006C081E09581911103C080E0089581E055
:102B80000895FC0160817181828193810E9471525C
:102B90000895FC01CB01BA010E94715260837183D8
:102BA000828393830895CF92DF92EF92FF920F93E7
:102BB0001F93CF93DF9300D000D0CDB7DEB797E659
:102BC000E92E92E3F92E07E012E3811106C08BE2B1
:102BD000E82E82E3F82E07EE11E3C7010C960E945F
:102BE000C115603A76488140910541F5C701449688
:102BF0000E94C115633071058105910509F04DC032
:102C0000E090D834F090D934C7010E947E15882313
:102C100009F44BC0F701E857FF4FC080D180E28034
:102C2000F38040E050E0BA01C114D104E104F104A2
:102C300061F444E050E060E070E007C0C12CD12CAA
:102C4000760141E050E060E070E0CE0101960E9424
:102C5000C91589819A81AB81BC81F801848B958BE0
:102C6000A68BB78BB701A601CE0101960E94C915AC
:102C700089819A81AB81BC81F801808F918FA28F6D
:102C8000B38F2496CDBFDEBFDF91CF911F910F91FF
:102C9000FF90EF90DF90CF900895C12CD12C76015A
:102CA00043E050E060E070E0D0CFC12CD12C760141
:102CB000C0CF0F931F93CF93DF9300D000D0CDB739
:102CC000DEB78C01CE0101960E94C91589819A81D7
:102CD000AB81BC81F80180839183A283B38380E0C0
:102CE00090E0A0E0B1E084839583A683B78310864B
:102CF0001186128613861486158616861786108A04
:102D0000118A128A138A2496CDBFDEBFDF91CF913C
:102D10001F910F910895AF92BF92CF92DF92EF92E1
:102D2000FF920F931F93CF93DF9300D000D0CDB7C6
:102D3000DEB78C016A017B0183E59DE20E94C1152B
:102D4000AB01BC0187E299E20E945916560184E06A
:102D5000A80EB11CD701C60183709927AA27BB27EB
:102D6000892B8A2B8B2B51F0AFEFCA1ADA0AEA0AA9
:102D7000FA0AF601ED5DF64D1382E8CFB701A60120
:102D80007068CE0101960E94C91589819A81AB8134
:102D9000BC818093232990932429A0932529B09363
:102DA0002629D801ED91FC910480F581E02DC80120
:102DB0000995892BB1F3D801ED91FC910280F38143
:102DC000E02DA50163E279E2C8010995D801ED91F2
:102DD000FC910680F781E02DC80109952496CDBFAE
:102DE000DEBFDF91CF911F910F91FF90EF90DF90A9
:102DF000CF90BF90AF900895611571058105910541
:102E0000D1F0DC01CB0181302DE79207A105B1059E
:102E100020F080E09DE7A0E0B0E08A309105A105B8
:102E2000B10520F48AE090E0A0E0B0E08093B133F7
:102E30009093B233089580EB94E0A0E0B0E0F6CF39
:102E400008950895CF93DF93EB01CA01B9010E9461
:102E5000FC16CD2B49F48091AB33811105C08091D4
:102E6000AF33DF91CF9108958FEFFBCFCF92DF92F9
:102E7000EF92FF920F931F93CF93DF937C016A0130
:102E80008B01D0E0C0E0CC15DD0579F0D8016D9163
:102E90008D01D701ED91FC910190F081E02DC701EA
:102EA0000995019711F42196EECFCE01DF91CF91D4
:102EB0001F910F91FF90EF90DF90CF900895FC014C
:102EC00020893189868597852817390770F484858C
:102ED0009585A9014F5F5F4F408B518BFC01E20F3D
:102EE000F31F608381E090E0089581E0828B90E0A1
:102EF00080E00895FC01848595850895DC01ED91BD
:102F0000FC91028CF38DE02D0994FC01DB011296FB
:102F10008D919C9113978283938314964D915D912B
:102F20006D917C91179744835583668377831896B8
:102F30004D915D916D917C911B9740875187628780
:102F400073871C968C911C9784871D968D919C91FC
:102F500085879687CF010895FC0165877687089558
:102F6000DC01ED91FC9102A0F3A1E02D099591E027
:102F700089270895862F089581E08627089508956A
:102F8000282F2F71229530E0A90155954795559529
:102F900047954373220F331F220F331F422B50E0FC
:102FA000282F30E0B90175956795CA0195958795E9
:102FB0008575440F551F4A7A482B842F8695869530
:102FC0008695220F331F220F331F2078962F907281
:102FD000292B6074262B822B0895CF93DF93D62F55
:102FE0000E94C017C82F8D2F0E94C017E0E4F4E0A4
:102FF0002481982F909592238C23892B8483DF91B1
:10300000CF91089560E280E20E94ED1768E270E0DF
:1030100080E090E00E94250F60EA80E00E94ED17BA
:1030200068E270E080E090E00E94250F60E880E8B0
:103030000C94ED17FC014089862F90E09C0153E031
:10304000220F331F5A95E1F72870242B208B4189DA
:103050009C01220F331F220F331F2870242B218B3A
:1030600042899C01220F331F2870242B228B238935
:103070006870622B638B44899C0135952795287075
:10308000242B248B45899C013595279535952795CB
:103090002870242B258B46899C0163E03595279564
:1030A0006A95E1F72870242B268B278974E0959583
:1030B00087957A95E1F78870822B878B0895CF9357
:1030C000DF93D62F0E94C017C82F8D2F0E94C017E4
:1030D000E0E4F4E09081A82FA0959A232C2F2823D8
:1030E000922B908390893189428953892489D5898B
:1030F000B689E78993FB992790F9632F70E075955E
:1031000067957595679562707727692B5870652B61
:1031100050E05595479544705527642B30E0220FB9
:10312000331F20713327622B94E0D99F9001112423
:1031300020723327622B98E0B99F900111242074EC
:103140003327622B90E1E99FF0011124E078FF27FB
:103150006E2B6A23C0958C23682B80E494E0DF916A
:10316000CF910C941A18FC0180819181FC01FF27FA
:1031700090FD06C080E094E1E82BF92B8081089552
:1031800080E093E1F9CF0F931F93CF93DF9300D0AB
:10319000CDB7DEB78C0119821A82CE0101960E944A
:1031A000B318F801808381E090E089839A83CE018F
:1031B00001960E94B318F8018183C8010F900F9007
:1031C000DF91CF911F910F910895FC01FF2790FD92
:1031D00012C080E094E1E82BF92B60838FB7F8945C
:1031E0009DE923E094BF209300108FBF80910210CF
:1031F00081FDFCCF089580E093E1EDCFBF92CF92A7
:10320000DF92EF92FF920F931F93CF93DF9300D043
:10321000CDB7DEB76C017C0102E010E0F701B190A0
:103220007F0109831A83CE0101960E94B318B81654
:1032300021F06B2DC8010E94E5180F5F1F4F0E355E
:10324000110561F7C6010E94F90B8C0119821A82DF
:10325000CE0101960E94B318081729F0602F90E064
:1032600080E00E94E51881E090E089839A83CE0196
:1032700001960E94B318181781F0612F81E090E049
:103280000F900F90DF91CF911F910F91FF90EF90D2
:10329000DF90CF90BF900C94E5180F900F90DF91C6
:1032A000CF911F910F91FF90EF90DF90CF90BF9043
:1032B0000895DC01ED91FC910488F589E02D23E06F
:1032C00030E009940C94804D0C94804DE0E6F4E0DD
:1032D000808110826FEF80E694E00E941A186EE100
:1032E00086E00E945F1866E089EF0C94ED178F92DC
:1032F0009F92AF92BF92CF92DF92EF92FF920F9385
:103300001F93CF93DF93D82F162F0E94550F4B0199
:103310005C016F5F7F4F8F4F9F4FC090B133D09054
:10332000B233F12CE12CC0E00FEFD0956819790988
:103330008A099B096C157D058E059F0508F061C003
:103340008091AA33813029F582E10E94520E8111C9
:1033500014C00E94661988E080930434C2E08C2F68
:10336000DF91CF911F910F91FF90EF90DF90CF9061
:10337000BF90AF909F908F90089584E10E94520E6D
:10338000811107C00E94661988E080930434C3E06D
:10339000E6CFC11117C081E10E94520E81112CC0ED
:1033A00080E10E94520EC7E0813031F580916004C7
:1033B00000936004D09364048091A93381110BC001
:1033C00068E00CC0C73061F3C83081F3C93049F000
:1033D000CA3061F011C068E1112391F380E00E94CE
:1033E000ED1780E10E94520E811109C081E10E9417
:1033F000520E813049F0CAE00E94550F97CFC9E0C4
:10340000FBCFC13009F0ABCF8091A933811103C04C
:1034100068E088E004C068E188E11123C9F30E94F4
:10342000ED17809160048FEF8093600480936404B3
:10343000C1E095CFE0E6F4E0808180838FEF848364
:103440006EE188E10E945F1868E188E10C94ED1755
:10345000109204346FEF80E00E945F18E0E6F4E021
:10346000808110826FEF80E694E00C941A18CF935D
:10347000C82F80910434833049F00E941A1A60E802
:1034800080E00E94ED1783E08093043460E08C2F8D
:103490000E94771991E0813009F490E0892FCF9153
:1034A00008958EE190E00E94D90E8FE50E94371AB0
:1034B000882311F081E008958FE30E94371A81116B
:1034C000F9CF1092063408951F93CF93DF938F3175
:1034D00030F0D1E08D2FDF91CF911F9108956036AC
:1034E000C0F391E8960F97FFF4CF142FC62FD82F73
:1034F0008FE30E94371A8111ECCF8FE50E94371AB3
:103500008111E7CF123099F480E48D0F0E94371AB1
:10351000D82F8111DECFCF3F21F482E08093063493
:10352000D9CF8C2F0E94371A8111D3CFF6CF80E2EA
:103530008D0F0E94371AD82F8111CBCFCF3F11F4B6
:1035400081E0ECCF8C2F0E94371A8823C9F3C1CFBA
:10355000AF92BF92CF92DF92EF92FF920F931F93A1
:10356000CF93DF93EC017B01042F8091AE33813048
:1035700030F011E0833020F010E0833009F012E0E9
:103580008091AA338230F9F40E941A1A60E880E828
:103590000E94ED1784E0809304346E01CE0CDF1C92
:1035A0005E01A094B09481E0E81AF108CC16DD0623
:1035B00009F441C089919091A933992311F0112305
:1035C00031F060E00BC00E941A1A89E0E4CF61E09C
:1035D00095012C0F3D1F2E153F0599F70E94771975
:1035E000813021F3002371F0C091AA336EE180E0B5
:1035F000C230D9F40E945F1860E880E80E94ED179D
:10360000C0930434DF91CF911F910F91FF90EF9001
:10361000DF90CF90BF90AF90089560E08DE00E9462
:1036200077196091A9338AE013C00E945F1887E080
:1036300080930434E7CF1123A9F28091AE33823016
:1036400081F3833079F2813041F76091A9338DE0C5
:103650000E947719C7CF3F924F925F926F927F92ED
:103660008F929F92AF92BF92CF92DF92EF92FF9292
:103670000F931F93CF93DF937C018B018091A8332D
:10368000D0E0C0E0882339F091E080E0672B09F4B6
:1036900090E0C92FD82F109205348091AA33823040
:1036A00059F50E94661960E880E80E94ED1785E0F0
:1036B0008093043484E10E94520E811121C00E9443
:1036C000550F2091B1333091B2334B015C01820E22
:1036D000931EA11CB11C84E10E94520E811110C0E6
:1036E0000E94550F86169706A806B90648F084E191
:1036F00090E00E94D90EEFCF0E94661988E0D8CFE3
:10370000312CC0900534C110B6C084E10E94520E25
:10371000882309F4B2C00E94550F4B015C016F5F12
:103720007F4F8F4F9F4F4090B1335090B233712CE9
:10373000612CD12C681979098A099B0964157505D2
:103740008605970508F068C08091AA33813069F436
:1037500082E10E94520E882309F462C084E10E9433
:10376000520E811102C0C2E05CC0D11048C064E0BA
:1037700084E00E94ED178FE00E94520E94E0D92E53
:10378000811144C064E00E94ED178EE00E94520E49
:10379000811102C0CC24C39430906804309462E05C
:1037A00082E00E94ED178FE00E94520E813089F571
:1037B00062E080E00E94ED17632DC7010E94D40FE4
:1037C0002196CC2089F1C4E08091A833882329F088
:1037D0006091B333C7010E94D40FC73069F1D09113
:1037E000AA336EE180E0D23009F03FC00E945F183A
:1037F00060E880E80E94ED17D09304341EC084E096
:10380000D81609F4B8CF86E0D81669F20E94550F91
:1038100091CF86E0D82EFACF82E0C8E0D81201C05E
:10382000C3E0C110D1CFDBCF0115110509F469CF79
:10383000C017D10708F465CFC7E080910534811126
:10384000109205348C2FDF91CF911F910F91FF9033
:10385000EF90DF90CF90BF90AF909F908F907F9030
:103860006F905F904F903F9008950E945F1887E09F
:1038700080930434E2CFC1E0B2CFC2E0B0CF24E005
:10388000FC01218321E320830895DF92EF92FF92D0
:103890000F931F93CF93DF9300D0CDB7DEB7FB011B
:1038A000DC0156961D921C9257972281211109C066
:1038B0002381211106C02481211103C025812223E7
:1038C00059F14115510541F17A018F01FC01D08C6C
:1038D000CE0101960E943F1C89819A810E94E80CCA
:1038E000A8014E5F5F4F24E030E06CE070E08D2D6A
:1038F0000E94C414B7018D2D0E94D5140E941C0C87
:1039000081E090E00F900F90DF91CF911F910F9188
:10391000FF90EF90DF90089580E0F3CF9091AC336B
:10392000981302C081E008958093AC339FEF909389
:10393000AD3390910634992321F09091043498305E
:1039400089F3462F6FEF0E94641A882359F36EE1C2
:1039500080E00E945F1860E880E80E94ED1782E036
:10396000809304340E94511A8FEF8093AC3380E02F
:1039700008958F929F92AF92BF92CF92DF92EF9273
:10398000FF920F931F93CF93DF93CDB7DEB7AD9721
:10399000CDBFDEBF6B015A014901C801B7010E94CA
:1039A000FC16C114D104F9F4C090AB33D12CC1146E
:1039B000D104C9F48DE2ECE9FFEEDE01119601902D
:1039C0000D928A95E1F7D501ED91FC910280F3818A
:1039D000E02D4CE250E0BE016F5F7F4FC5010995BD
:1039E00082E090E008C062E08C2D0E948E1C811164
:1039F00012C084E090E0AD96CDBFDEBFDF91CF91E5
:103A00001F910F91FF90EF90DF90CF90BF90AF90FC
:103A10009F908F900895B401C5010E942B1B182F11
:103A200081E090E0173039F30E94511A8FEF8093B4
:103A3000AC331430A9F28BEF810F823028F085E08F
:103A400090E01830C1F6D5CF83E090E0D4CF8F92CC
:103A50009F92AF92BF92CF92DF92EF92FF920F931D
:103A6000CF93DF93EB014A015901C701B6010E94D0
:103A7000FC16209729F4C091AB33D0E0209701F1D8
:103A800061E08C2F0E948E1C882371F1D091A933A4
:103A9000C091AE33011105C01092A93383E0809329
:103AA000AE33402FB501C4010E94A81A011116C0FF
:103AB000D093A93381E0C11101C080E08093AE337F
:103AC00090E080E0DF91CF910F91FF90EF90DF9039
:103AD000CF90BF90AF909F908F9008950E94511A01
:103AE0008FEF8093AC33ECCF84E090E0EBCFCF93BB
:103AF000DF93EB01CA01B9010E94FC16209719F56A
:103B0000C091AB33D0E02097F1F480910634882344
:103B100029F00E94511A8FEF8093AC3385E10E9407
:103B2000520E811102C00E9402186EE180E00E94D4
:103B30005F1860E880E80E94ED1782E0809304340B
:103B400090E080E008C061E08C2F0E948E1C811103
:103B500005C085E090E0DF91CF91089541E060914C
:103B6000AD338091AC330E94641A8111F2CF84E0AE
:103B70000E94371A8111EDCF0E94511A8111E9CFAD
:103B80006EE10E945F1860E880E80E94ED1782E015
:103B9000809304340E94511A8FEF8093AC33D0CFBE
:103BA000FB0101900020E9F73197AF01461B570B4D
:103BB000DC01ED91FC910280F381E02D09948F925C
:103BC0009F92AF92BF92EF92FF920F931F93CF936A
:103BD000DF93CDB7DEB7A197CDBFDEBF7C01FA0181
:103BE000CB0119A2223008F42AE08E010F5D1F4F8D
:103BF000822E912CB12CA12CBF01A50194010E9411
:103C0000DD51F901CA016A30F4F4605DD8016E93A8
:103C10008D01232B242B252B79F790E080E0109742
:103C200021F0BD01C7010E94D01DA196CDBFDEBF0E
:103C3000DF91CF911F910F91FF90EF90BF90AF90C8
:103C40009F908F900895695CE1CFCF92DF92EF92C1
:103C5000FF920F931F93CF93DF936B01770FEE08C3
:103C6000FF08F7FE1BC0EC016DE20E94D40F8C012F
:103C700044275527BA014C195D096E097F092AE0CE
:103C8000CE010E94DF1D800F911FDF91CF911F9108
:103C90000F91FF90EF90DF90CF9008952AE0B70149
:103CA000A601DF91CF911F910F91FF90EF90DF90D0
:103CB000CF900C94DF1DCF93DF9300D0CDB7DEB74C
:103CC00063EB74E08EEE92E30E94DB0F809113367B
:103CD00090911436009711F487E196E3BE016F5F6F
:103CE0007F4F681B790B8EEE92E30E94251E0F908A
:103CF0000F90DF91CF9108958F929F92AF92BF92D4
:103D0000CF92DF92EF92FF920F931F93CF93DF93A7
:103D10007C018B016C0182E0C80ED11C4701E5E0FB
:103D20008E0E911CD0E0C0E0F60141916F0150E091
:103D300070E060E02AE0C8010E94DF1D5C016EE2D5
:103D4000C8010E94D40F8A0D9B1DC80FD91FC8142B
:103D5000D90451F7F701458150E070E060E02AE0B6
:103D6000C8010E94DF1D8C0F9D1FDF91CF911F9115
:103D70000F91FF90EF90DF90CF90BF90AF909F900A
:103D80008F9008959C01CB01B9010C947C1E0F9378
:103D90001F93CF93DF93EC018B0162E477E10E94E4
:103DA000DB0FB801CE010E94D01D6FE377E1CE0199
:103DB0000E94DB0FB801CE010E94D01D65E377E1C0
:103DC000CE01DF91CF911F910F910C94DB0F69EC25
:103DD0007FEE0C94D01D0F931F93CF93DF93EC01D4
:103DE0000E94C21E8C01CE010E94E71E800F911F0F
:103DF000DF91CF911F910F9108950F931F93CF9350
:103E0000DF93EC010E94D01D8C01CE010E94E71EC1
:103E1000800F911FDF91CF911F910F9108950F9304
:103E20001F93CF93DF93EC01FB01448155816081A7
:103E30007181E881F9810280F381E02D09958C017F
:103E4000CE010E94E71E800F911FDF91CF911F913D
:103E50000F9108950F931F93CF93DF93EC010E946E
:103E6000DB0F8C01CE010E94E71E800F911FDF91B6
:103E7000CF911F910F910895CF93DF93CDB7DEB708
:103E8000C054D109CDBFDEBF69E977E18EEE92E380
:103E90000E942A1F6091A6337091A73340E450E03E
:103EA000CE0101960E94FB4EBE016F5F7F4F8EEEEA
:103EB00092E30E94D01D67E977E18EEE92E30E94C3
:103EC000DB0FC05CDF4FCDBFDEBFDF91CF91089528
:103ED0000F931F93CF93DF93CDB7DEB7C054D109B3
:103EE000CDBFDEBF6BEC7FEE8EEE92E30E94FD1E37
:103EF0006BEC7FEE8EEE92E30E94FD1E8091A53367
:103F000010E005E0811115C065E877E18EEE92E3DF
:103F10000E942A1F62E577E18EEE92E30E942A1F3B
:103F2000C05CDF4FCDBFDEBFDF91CF911F910F91FE
:103F300008958091A533181798F7E091A333F09175
:103F4000A433109FE00DF11D11246081718140E4C4
:103F500050E0CE0101960E94FB4EBE016F5F7F4F85
:103F60008EEE92E30E94FD1E1F5FE3CF0E94681F4A
:103F70000C943C1FAF92BF92CF92DF92EF92FF92D0
:103F80000F931F93CF93DF9300D000D0CDB7DEB750
:103F90008C016B017A018091E2318333E9F45B019A
:103FA0006801C40ED51EC016D10691F10E94EE1311
:103FB0008FE00E94C90C812F0E94C90C802F0E94A3
:103FC000C90C0F5F1F4F80E00E94C90CF50181935F
:103FD0005F010E94E413E7CF843349F50E94EE139A
:103FE00019830A838F2D8F778B83EC8264E070E0D6
:103FF000CE0101960E94D30CA70170E060E0C601DB
:104000000E948B53B701C6010E94D30C0E94E41397
:10401000C7012496CDBFDEBFDF91CF911F910F91D5
:10402000FF90EF90DF90CF90BF90AF9008950E94E7
:10403000EE130F3F110509F030F419820A831B8239
:1040400063E070E0D5CF17FD0BC019820A8333E01F
:10405000169507953A95E1F7007E08600B83F0CF3F
:10406000C80126E0969587952A95E1F7807E198309
:104070000A830115104C18F480618B83E1CF8861AD
:10408000FCCF1F93CF93DF9300D0CDB7DEB7182FAF
:10409000CE0101960E943F1C89819A810E94E80C02
:1040A000812F0E94B61427E0129FF0011124E656DA
:1040B000FE4C22813381377041E050E0BE016F5FDA
:1040C0007F4F820F931F0E94BA1F0E941C0C898190
:1040D0000F900F90DF91CF911F910895FC01808D7B
:1040E000883040F4218D328D232B21F00E94412015
:1040F00090E008958FEF9FEF0895CF93DF93FC0139
:104100002485283028F08FEF9FEFDF91CF9108951D
:10411000EC010190F081E02D0084F185E02D0995FE
:10412000892B89F38C850E94412090E0EECFCF93BC
:10413000DF931F92CDB7DEB741E050E0BE016F5F65
:104140007F4F0E94BA1F89810F90DF91CF91089510
:1041500090E080E00C949720CF93DF93C4E1D0E00F
:104160000E94A820882361F061E070E080E090E088
:104170000E94250F2197A1F780E0DF91CF9108954C
:1041800081E0FBCF1F93CF93DF9300D01F92CDB779
:10419000DEB780912328811139C160E372E080E0AD
:1041A00090E00E94250F8091AC32811117C01092CF
:1041B000AD321092AE321092AF321092B0321092F5
:1041C000B1321092B2321092B3321092B4321092D5
:1041D000B5321092B63281E08093AC328091E30523
:1041E0008C7F9091AB32892B8093E30591118BC02A
:1041F00061E084E00E94BA0D61E086E00E94BA0DA1
:104200008091C10884608093C1088091C008816258
:104210008093C0089091E6328091E7329093C00875
:104220008093C10880910028893208F07FC0E82F70
:10423000F0E0EA58F1412081263008F077C090E2A2
:10424000299F900111243C5F2C5F3F4F2093202831
:10425000309321289FEF893228F4E82FF0E0E156CF
:10426000F141908190931F28893218F461E00E94F7
:10427000BA0D0E94E413CE0101960E943F1C898171
:104280009A810E94E80C84E38093E23180E80E94E6
:10429000A3140E94AC20882309F44BC088E00E943C
:1042A000A3140E94A820883009F043C080E10E9436
:1042B000A3140E94A8208031E1F580E00E94A3149D
:1042C0000E94A820182F811134C08FE190E00E9435
:1042D0009720833071F580E48093222842E06EE1DC
:1042E00070E0812F0E94FF1442E06FE170E0812FA7
:1042F0000E94FF141F5F183089F70E941C0C81E098
:10430000809323287CC0913039F461E08EE00E94D4
:10431000BA0D61E080E172CF923009F071CF61E0B7
:104320008EE10E94BA0D61E080E268CF30E020E0CB
:104330008BCF87E38093E23180E80E94A3140E9430
:10434000AC208823F9F088E00E94A3140E94A820E2
:104350008830C1F480E10E94A3140E94A820182F85
:10436000803181F480E00E94A3140E94A820811172
:1043700009C089E390E00E949720843019F41093DB
:104380002228BBCF83E38093E23180E80E94A3140C
:104390000E94AC20882371F180E10E94A3140E9446
:1043A000A820803139F582E10E94A3140E94A82040
:1043B000823101F580E00E94A3140E94A82081119F
:1043C00019C084E08093222815E51B8341E050E06A
:1043D000BE016D5F7F4F8BE190E00E94F91319835E
:1043E00041E050E0BE016F5F7F4F8AE190E00E94A4
:1043F000F91383CF1092E2310E941C0C80E02396C7
:10440000CDBFDEBFDF91CF911F91089581E0F7CF3F
:10441000EF92FF921F93CF93DF93CDB7DEB7C454D3
:10442000D109CDBFDEBF7C01FB0182819381A481D4
:10443000B58123968CAF9DAFAEAFBFAF239711E090
:1044400023961FAF239723964CAD5DAD6EAD7FAD28
:10445000239749AF5AAF6BAF7CAF8DA79EA7AFA78D
:10446000B8AB18AB4DA55EA56FA578A94B8F5C8F37
:104470006D8F7E8F1CAF49AD5AAD6BAD7CAD49A33E
:104480005AA36BA37CA328E83FEE29833A834FEF1E
:104490004B834C834D831E822F8338871E8F4B8D19
:1044A0005C8D6D8D7E8D49875A876B877C871CA3B9
:1044B00049A15AA16BA17CA14F87588B698B7A8B3C
:1044C0002B8B3C8B8D8B9E8BAF8BB88F0E94C22029
:1044D000882369F1CE018D5B9F4F0E943F1C25967A
:1044E0008EAD9FAD25970E94E80C46E050E0B701E5
:1044F00089E090E00E94F913CE0145960E9469156B
:10450000CE0109960E947715CE0103960E94701580
:104510000E941C0C1A8B8F859889A989BA8980936F
:10452000993390939A33A0939B33B0939C33CC5B95
:10453000DF4FCDBFDEBFDF91CF911F91FF90EF9096
:1045400008952091222830E0322F2227620F731F16
:1045500090E0982F8827860F971F0C949720CF9371
:10456000C82F462F61E070E00E94FF1461E070E008
:104570008C2F0E94A1228111F9CFCF9108951F9312
:10458000CF93DF9300D0CDB7DEB7182FCE010196C1
:104590000E943F1C89819A810E94E80C68E070E0CB
:1045A000812F0E94AF220E941C0C0F900F90DF9170
:1045B000CF911F9108951F93CF93DF9300D0CDB774
:1045C000DEB7182FCE0101960E943F1C89819A8187
:1045D0000E94E80C60E170E0812F0E94AF220E94EF
:1045E0001C0C0F900F90DF91CF911F910895CF93E6
:1045F000DF93EC01888D883020F40E94DB2288E074
:10460000888FDF91CF91089563E070E00C94A12230
:104610001F93CF93DF9300D0CDB7DEB7182FCE0115
:1046200001960E943F1C89819A810E94E80C812F8B
:104630000E940423182F0E941C0C812F0F900F90B2
:10464000DF91CF911F910895EF92FF920F931F93E7
:10465000CF93DF937C018091E231D4E0833309F082
:10466000D8E002ED11E3C0E0F801219131918F0112
:10467000F701848195812817390729F0CF5FDC1372
:10468000F3CF80E006C08C2F0E9408238431B1F75D
:1046900081E0DF91CF911F910F91FF90EF900895EE
:1046A000AF92BF92CF92DF92EF92FF920F931F9340
:1046B000CF93DF93EC016B018091E231811120C037
:1046C0001A821B8288EE93E0A0E0B0E08C839D8389
:1046D000AE83BF8386E59FEE8883998388E08C87CD
:1046E00088EE93E08D879E87CE01DF91CF911F9159
:1046F0000F91FF90EF90DF90CF90BF90AF90089513
:1047000024E0A22E833311F098E0A92E82EDE82E4A
:1047100081E3F82E10E008E0B12CD7012D913D91F6
:104720007D01F601848195812817390771F4812F65
:104730000E940823083031F5873111F08C3111F5D2
:10474000F701329710821182012F1F5FA112E5CF6E
:10475000B11008C0D601ED91FC910084F185E02DE7
:10476000C60109951A821B8288EE93E0A0E0B0E0B2
:104770008C839D83AE83BF8386E59FEE8883998378
:104780000C87AECF843139F08111DFCFF70132973A
:1047900010821182DACFBB24B394D7CFCF93DF93AB
:1047A000EC018C858830D0F40E940823843189F094
:1047B000882379F0883169F021E08C3159F4E8815F
:1047C000F9810084F185E02DCE01099521E0892B46
:1047D00009F420E0822FDF91CF91089580E0FBCF94
:1047E000CF92DF92EF92FF92CF93DF93EC018C8513
:1047F000883068F40E94BF220E94550F6B017C0133
:104800008C850E940823811109C088E08C87DF9184
:10481000CF91FF90EF90DF90CF90089561E070E02E
:1048200080E090E00E94250F0E94550FAB01BC0173
:104830004C195D096E097F098D859E85B0E0A0E069
:10484000481759076A077B07D8F28C850E94DB223C
:10485000DCCF1F93CF93DF9300D0CDB7DEB7FC0141
:10486000108DCE0101960E943F1C89819A810E9481
:10487000E80C60E270E0812F0E94AF2262E070E0FD
:10488000812F0E94A12284FD22C062E070E0812F6E
:104890000E94A12283FF10C048E162E070E0812FF6
:1048A0000E94FF140E941C0C80E090E00F900F907B
:1048B000DF91CF911F9108950E941C0CCE010196AB
:1048C0000E943F1C89819A810E94E80CD7CF40E169
:1048D00062E070E0812F0E94FF140E941C0C81E0B6
:1048E000E4CFDA01E0912228F0E0FE2FEE27E60F78
:1048F000F71F90E0982F8827A901BD018E0F9F1FF9
:104900000C94BA1F8F929F92AF92BF92CF92DF9278
:10491000EF92FF920F931F93CF93DF93CDB7DEB744
:104920006097CDBFDEBF7C019091E231992371F198
:1049300008E0933309F404E05B01CE0101960E9484
:104940003F1C89819A810E94E80C9E012F5F3F4F96
:104950006901490110E0812F0E940423F401819331
:104960004F018823D9F01F5F0113F5CF00E0F60156
:1049700081916F018D3161F0883151F08A5182301F
:1049800038F00F5F1013F3CF0E941C0C18E08AC0A0
:1049900060E170E0802F0E94AF22102FC12ED12C39
:1049A000F601EE0FFF1FEE52FE4C108211828AEFCD
:1049B00090E00E94D90E42E870E060E0812F0E94F2
:1049C000FF144FEF62E070E0812F0E94FF14B501E9
:1049D000A114B10491F480910328909104280196C8
:1049E0008115F0EC9F0708F46EC080930328909324
:1049F00004286091032870910428812F0E94EA14F2
:104A000086E0ECE0FEEEDE01199601900D928A95AB
:104A1000E1F7F70183818F778C8784818D8785818A
:104A20008E87A7014E5F5F4F24E030E06CE070E0BE
:104A3000812F0E94C414B501812F0E94D51426E055
:104A400030E0AE01475F5F4F66E070E0812F0E946B
:104A5000C41461E070E0812F0E94AF2227E02C9DFA
:104A6000C0012D9D900D11249C0126563E4C7901CC
:104A7000F9011082118222E030E0AE01415F5F4F08
:104A800068E270E0812F0E9471248F8598899827B1
:104A900089279827F70182839383168214821582CF
:104AA0000E941C0C812F6096CDBFDEBFDF91CF919D
:104AB0001F910F91FF90EF90DF90CF90BF90AF903C
:104AC0009F908F90089580E090EC8FCFCF92DF92EF
:104AD000EF92FF920F931F93CF93DF93CDB7DEB783
:104AE0002697CDBFDEBF8C016B017A01FC01808D62
:104AF000883010F40E94DB2288E89FEE89839A8335
:104B0000F60182819381A481B5818B839C83AD83DF
:104B1000BE83B701CE0101960E948224F801808FE6
:104B2000883088F4E486F586118E128E81E0269610
:104B3000CDBFDEBFDF91CF911F910F91FF90EF901E
:104B4000DF90CF90089580E0F2CF7F928F929F9276
:104B5000AF92BF92CF92DF92EF92FF920F931F938B
:104B6000CF93DF9300D0CDB7DEB7782E8B014A010B
:104B7000590122E030E0AE014F5F5F4F64E270E028
:104B80000E947124E980FA80FE24EF24FE24E00EC6
:104B9000F11E970137704091E231072D10E0433349
:104BA00009F042C0085F1F4F102F0027110F110F8F
:104BB000110FC901800F911F4733C9F1A9014A0D97
:104BC0005B1D4130584098F160E078E06B01C21AFB
:104BD000D30AA601B4010E94F913A5014C195D097D
:104BE000B4016C0D7D1DC8010E94F913EA0CFB1C79
:104BF000F982EA8222E030E0AE014F5F5F4F64E26B
:104C000070E0872D0E94C4140F900F90DF91CF9118
:104C10001F910F91FF90EF90DF90CF90BF90AF90DA
:104C20009F908F907F900895005F1F4FBDCFA5018B
:104C3000B401DACFEF92FF921F93CF93DF9300D0AE
:104C4000CDB7DEB7182F22E030E0AE014F5F5F4FE7
:104C500060E270E00E947124E980FA80FE24EF2473
:104C6000FE2422E030E0AE014F5F5F4F60E270E073
:104C7000812F0E94712489819A81982789279827FA
:104C8000E816F90689F487E0189FF0011124E6562A
:104C9000FE4CE482F582C7010F900F90DF91CF9117
:104CA0001F91FF90EF9008957C01DBCFFF920F934F
:104CB0001F93CF93DF9300D0CDB7DEB7F82ECE0190
:104CC00001960E943F1C89819A810E94E80C8F2DD9
:104CD0000E941A268C018F2D0E940423F82E0E9418
:104CE0001C0C87E1F81629F08CE1F81611F010E0A1
:104CF00000E0C8010F900F90DF91CF911F910F91AD
:104D0000FF900895CF93DF93EC018C85883060F499
:104D10000E940823873111F08C3131F48C850E9478
:104D200056268115984088F3DF91CF910895FC01B4
:104D300024A1283018F448960C9482260895FC018A
:104D40008485883010F40C94562690E080E0089515
:104D5000AF92BF92CF92DF92EF92FF920F931F9389
:104D6000CF93DF9300D0CDB7DEB7F82E6B018A0169
:104D70004130584010F000E018E0CE0101960E944A
:104D80003F1C89819A810E94E80C8F2D0E941A266F
:104D90005C018F2D0E940423E82E0E941C0C87E1E9
:104DA000E81619F08CE1E81235C0A016B10628F318
:104DB000CE0101960E943F1C89819A810E94E80CD5
:104DC0009801A60170E060E08F2D0E94A52560E2A9
:104DD00070E08F2D0E94AF2262E070E08F2D0E9464
:104DE000A12284FD25C08F2D0E940423811115C0AE
:104DF0000E941C0C10E000E0C8010F900F90DF91A2
:104E0000CF911F910F91FF90EF90DF90CF90BF90C7
:104E1000AF90089510E000E0CBCF0E941C0CCE01B3
:104E200001960E943F1C89819A810E94E80CD4CF90
:104E300040E162E070E08F2D0E94FF140E941C0C84
:104E4000DBCF0F931F93CF93DF938C01EA01FC011B
:104E50008485883048F40E94A826892B39F481E0A3
:104E600090E0F80182839383D0E0C0E0CE01DF912F
:104E7000CF911F910F9108957F928F929F92AF9241
:104E8000BF92CF92DF92EF92FF920F931F93CF9337
:104E9000DF9300D0CDB7DEB77C014B01742EC52E59
:104EA000FC01A688B788D08CCE0101960E943F1CD9
:104EB00089819A810E94E80C8D2D0E941A26072D67
:104EC0001C2D8017910708F48C019801A401B501ED
:104ED0008D2D0E94A5250E941C0CF70186899789BB
:104EE000800F911F868B978BC8010F900F90DF91D9
:104EF000CF911F910F91FF90EF90DF90CF90BF90D7
:104F0000AF909F908F907F900895FF920F931F9383
:104F1000CF93DF9300D0CDB7DEB7F82E22E030E09C
:104F2000AE014F5F5F4F66E270E00E94712409811D
:104F30001A8110270127102722E030E0AE014F5FD1
:104F40005F4F66E270E08F2D0E94712489819A8103
:104F50009827892798270817190749F4C8010F903F
:104F60000F90DF91CF911F910F91FF9008958C01C9
:104F7000E3CFEF92FF920F931F93CF93DF9300D075
:104F8000CDB7DEB7182F87E0189F90011124F901E3
:104F9000E656FE4C7F01808191810097B1F4CE01ED
:104FA00001960E943F1C89819A810E94E80C812F02
:104FB0000E9485278C010E941C0CF70186819801B4
:104FC000281B3109C901208331830F900F90DF9195
:104FD000CF911F910F91FF90EF9008959F92AF9204
:104FE000BF92CF92DF92EF92FF920F931F93CF93D6
:104FF000DF93EC017B018091E231811121C01A82A3
:105000001B8288EE93E0A0E0B0E08C839D83AE83AA
:10501000BF8386E59FEE8883998388E08C8788EE3E
:1050200093E08D879E87CE01DF91CF911F910F91E5
:10503000FF90EF90DF90CF90BF90AF909F9008953A
:1050400034E0932E833311F028E0922E82EDC82EA7
:1050500081E3D82E10E098E0B92EA12CD6012D9135
:105060003D916D01F701848195812817390791F4ED
:10507000812F0E940823082F873111F08C3139F5D8
:10508000812F0E94B927892B59F50C3119F4812FF2
:105090000E94BF221F5F9112E1CFA11008C0D7016B
:1050A000ED91FC910084F185E02DC70109951A82EC
:1050B0001B8288EE93E0A0E0B0E08C839D83AE83FA
:1050C000BF8386E59FEE88839983BC86A8CF843111
:1050D00049F08111DFCFF601329710821182DACFC9
:1050E000B12ED8CFAA24A394D5CF8F929F92AF92FE
:1050F000BF92CF92DF92EF92FF920F931F93CF93C5
:10510000DF93CDB7DEB72F97CDBFDEBF5C014B017C
:105110007A018091E2318823B1F104E0833309F010
:1051200008E0B501CE0101960E94EE2782EDC82E5F
:1051300081E3D82E10E0F601219131916F01F50144
:10514000848195812817390751F4812F0E94082303
:10515000873129F4A701B401812F0E94A8261F5F7F
:105160000113E9CFC7012F96CDBFDEBFDF91CF91ED
:105170001F910F91FF90EF90DF90CF90BF90AF9075
:105180009F908F900895F12CE12CECCFEF92FF923D
:105190000F931F93CF93DF93CDB7DEB72F97CDBF7C
:1051A000DEBF8C017C0188E1E80EF11CF80184A1CE
:1051B000883030F5C7010E94CE2381111DC0C70180
:1051C0000E94F0231B821C8288EE93E0A0E0B0E0F6
:1051D0008D839E83AF83B88786E59FEE89839A830C
:1051E00088E08D8788EE93E08E879F87BE016F5F92
:1051F0007F4FC7010E948517F80184A1883068F0AD
:10520000F80166897789CE0101960E94EE27BE01DA
:105210006F5F7F4FC7010E948517F80184A1883016
:1052200038F40E94550FF80165A776A787A790ABC1
:105230002F96CDBFDEBFDF91CF911F910F91FF90D1
:10524000EF900895CF93DF93EC010E94C628CE0122
:1052500048962CA1283020F4DF91CF910C947D202A
:105260008FEF9FEFDF91CF910895FC018485883007
:1052700010F40C94B92790E080E00895EF92FF922B
:105280000F931F93CF93DF93CDB7DEB72F97CDBF8B
:10529000DEBFFC0126893789232B61F490E080E092
:1052A0002F96CDBFDEBFDF91CF911F910F91FF9061
:1052B000EF9008958C010E94C6287801F8E1EF0E66
:1052C000F11CF80184A1883060F066897789CE01ED
:1052D00001960E94EE27BE016F5F7F4FC7010E94BB
:1052E0008517F80184A18830C8F6C7010E943529C6
:1052F000D7CF4F925F927F928F929F92AF92BF9241
:10530000CF92DF92EF92FF920F931F93CF93DF9391
:1053100000D0CDB7DEB7782E6B014A01A82EB12C94
:1053200027E0829FC0011124FC01E656FE4C7F015C
:1053300000811181CE0101960E943F1C89819A81D2
:105340000E94E80C0815190554F4872D0E94852742
:10535000F70126818C01021B1109008311830115BD
:10536000110529F5872D0E940423843159F08823E3
:1053700049F001E010E08C3111F410E000E01195EB
:10538000019511090E941C0CC8010F900F90DF912C
:10539000CF911F910F91FF90EF90DF90CF90BF9032
:1053A000AF909F908F907F905F904F900895801660
:1053B00091060CF4840187E08A9DF0018B9DF00D2D
:1053C0001124E656FE4CE280F380C114D10451F161
:1053D0002701F7E05F22872D0E94B614840D951DEA
:1053E0002091E231273309F453C09801240D351D73
:1053F0002130384008F44CC020E038E049018418DE
:105400009508A401B6010E94BA1F2601480C591C38
:105410006801C818D908872D0E94B614A601B201E8
:105420000E94BA1FE00EF11E87E08A9DF0018B9D5D
:10543000F00D1124E656FE4CE282F3822081318188
:10544000201B310B208331838681800F912F911D8A
:105450008A3F910510F4232BF1F487E08A9DF00137
:105460008B9DF00D1124E656FE4C1682F982EA82DD
:1054700022E030E0AE014F5F5F4F68E270E0872DC1
:105480000E94C41460E470E0872D0E94AF227ACF9E
:10549000A801B601C5CF868375CFCF93DF93FC01FA
:1054A000218D328D2115310529F48FEF9FEFDF918A
:1054B000CF910895EC01808D4217530708F0A901A0
:1054C0000E9479291816190684F7298D3A8D281B10
:1054D000390B298F3A8FEBCF0F931F93CF93DF9325
:1054E0001F92CDB7DEB7FC01218D328D232B41F405
:1054F0008FEF9FEF0F90DF91CF911F910F91089544
:105500008C0141E050E0BE016F5F7F4FFC01808D58
:105510000E947929181619065CF7F801818D928D81
:105520000197818F928F898190E0E4CFCF93DF93B1
:105530001F92CDB7DEB741E050E0BE016F5F7F4FF5
:10554000FC0184850E9479291816190634F4898192
:1055500090E00F90DF91CF9108958FEF9FEFF9CFFB
:10556000CF93DF93EC010E94C628CE0148962CA170
:10557000283020F4DF91CF910C94962A8FEF9FEF83
:10558000DF91CF910895FC018485883010F40C944C
:10559000792990E080E008958F929F92BF92CF92F8
:1055A000DF92EF92FF920F931F93CF93DF93CDB7CC
:1055B000DEB72A97CDBFDEBF9091E231992379F112
:1055C00008E0933309F404E06B01B82ECE01019694
:1055D0000E943F1C89819A810E94E80C9E012F5FE6
:1055E0003F4F7901490110E0812F0E940423F4010B
:1055F00081934F018823D9F01F5F0113F5CF00E09D
:10560000F70191917F019D3161F0983151F09A51EC
:10561000923038F00F5F1013F3CF0E941C0C18E08B
:1056200060C060E170E0802F0E94AF22102FE12E59
:10563000F12CF701EE0FFF1FEE52FE4C108211828B
:105640008AEF90E00E94D90E4B2D70E060E0812F30
:105650000E94FF144FEF62E070E0812F0E94FF1460
:10566000B601CD2891F480910328909104280196E9
:105670008115F0EC9F0708F444C0809303289093B1
:1056800004286091032870910428812F0E94EA1455
:1056900061E070E0812F0E94AF2227E02E9DC001C3
:1056A0002F9D900D11249C0126563E4C7901F90145
:1056B0001082118222E030E0AE01475F5F4F68E266
:1056C00070E0812F0E94712489859A859827892707
:1056D0009827F701828393831682148215820E9491
:1056E0001C0C812F2A96CDBFDEBFDF91CF911F9179
:1056F0000F91FF90EF90DF90CF90BF909F908F9091
:10570000089580E090ECB9CF0F931F93CF93DF9370
:10571000EC018B01888D883010F40E94DB22B801E7
:1057200082E00E94CC2A888F883050F40C871D8735
:10573000198E1A8E81E0DF91CF911F910F910895FC
:1057400080E0F9CFEF92FF921F93CF93DF9300D0C9
:10575000CDB7DEB77C01FC016481758181E20E94D6
:10576000CC2A182F883090F4CE0101960E943F1C5D
:1057700089819A810E94E80C812F0E940423833141
:1057800069F00E941C0C812F0E94BF220F900F9085
:10579000DF91CF911F91FF90EF90089562E070E04C
:1057A000812F0E94AF220E941C0CF70184819581F9
:1057B000E12FF0E0EE0FFF1FEE52FE4C808391834D
:1057C000E5CFAF92BF92CF92DF92EF92FF920F930D
:1057D0001F93CF93DF9300D0CDB7DEB78C016B0161
:1057E0005A01FC018485883058F40E9408238823DC
:1057F00021F0F80184850E94BF2288E0F8018487A7
:10580000F60182819381A481B5810097A105B1053C
:1058100079F490E080E00F900F90DF91CF911F918D
:105820000F91FF90EF90DF90CF90BF90AF900895D1
:105830008F3F9F4FAF4FBF4F61F370E060E081E259
:105840000E94CC2AF82EF8018487F7E0F81708F3B5
:10585000CE0101960E943F1C89819A810E94E80C2A
:10586000A6014E5F5F4F24E030E06CE070E08F2DCA
:105870000E94C414B5018F2D0E94D51464E070E01D
:105880008F2D0E94AF220E941C0C0E94550F6B01AD
:105890007C01F80184850E940823873129F18C312D
:1058A00019F1882309F4B5CF0E94550FAB01BC0153
:1058B0004C195D096E097F09F80185859685B0E070
:1058C000A0E084179507A607B70738F061E070E0FD
:1058D00080E090E00E94250FDCCF84850E94DB22CF
:1058E00088E0F801848795CF81E090E094CF0F9312
:1058F0001F93CF93DF9300D0CDB7DEB7FC01248593
:1059000010E000E02830D8F48C01CE0101960E940E
:105910003F1C89819A810E94E80C22E030E0AE01B0
:105920004F5F5F4F60E170E0F80184850E94712451
:1059300009811A811027012710270E941C0CC80119
:105940000F900F90DF91CF911F910F9108950F93BA
:105950001F93CF93DF9300D0CDB7DEB7FC01248532
:1059600010E000E02830D8F48C01CE0101960E94AE
:105970003F1C89819A810E94E80C22E030E0AE0150
:105980004F5F5F4F64E070E0F80184850E947124EE
:1059900009811A811027012710270E941C0CC801B9
:1059A0000F900F90DF91CF911F910F9108950F935A
:1059B0001F93CF93DF9300D0CDB7DEB78C0188E87B
:1059C0009FEEF801808391831282138214821582E4
:1059D000CE0101960E943F1C89819A810E94E80CA9
:1059E000B8016E5F7F4F44E050E08FE090E00E948E
:1059F000BA1F0E941C0CC8010F900F90DF91CF912D
:105A00001F910F9108952F923F924F925F926F9244
:105A10007F928F929F92AF92BF92CF92DF92EF923E
:105A2000FF920F931F93CF93DF93CDB7DEB7C6518D
:105A3000D240CDBFDEBF4C018B017A01CD5FDD4F7F
:105A400018821982C350D2408CEC9EEECF5FDD4F9E
:105A500088839983C150D240CB5FDD4F8882998281
:105A6000C550D240C55FDD4F18821982CB50D2405D
:105A7000CE010196C95FDD4F88839983C750D2401C
:105A800080E092E0C75FDD4F88839983C950D240A0
:105A9000672B09F460C26CEC7FEEC8010E94B05322
:105AA000892B09F083C064EA76E1CE018F5F9D4FB8
:105AB0000E94DB0F66ED73E1CE018F5F9D4F0E9468
:105AC000DB0FB701CE018F5F9D4F0E94251E69EC51
:105AD00073E1CE018F5F9D4F0E94DB0F63E773E19F
:105AE000CE018F5F9D4F0E94DB0FCE01835F9D4FE4
:105AF0000E94D72CBE01635F7D4FCE018F5F9D4F0B
:105B00000E94C21E68EE72E1CE018F5F9D4F0E941F
:105B1000DB0FCE01835F9D4F0E94D72CBE01635FD8
:105B20007D4FCE018F5F9D4F0E94C21E6FE572E1D7
:105B3000CE018F5F9D4F0E94DB0F6EE370E1CE01BF
:105B40008F5F9D4F0E94DB0F6EEC7FEECE018F5F6B
:105B50009D4F0E94C71E64ED7FEECE018F5F9D4F6B
:105B60000E94C71E69ED7FEECE018F5F9D4F0E94A0
:105B7000C71E6FED7FEECE018F5F9D4F0E94C71E47
:105B800064EE7FEECE018F5F9D4F0E94C71E6AEAD2
:105B900078E0CE018F5F9D4F0E94DB0F69E978E0CE
:105BA000CE018F5F9D4F0E94DB0F14C063EF7FEE2D
:105BB000C8010E94B053892B49F568EF76E1CE0108
:105BC0008F5F9D4F0E94DB0FB701CE018F5F9D4F0E
:105BD0000E94251ECE018F5F9D4F0E943013CA5E2A
:105BE000DD4FCDBFDEBFDF91CF911F910F91FF90B1
:105BF000EF90DF90CF90BF90AF909F908F907F906D
:105C00006F905F904F903F902F90089568EF7FEED8
:105C1000C8010E94B0537C01892B09F09CC068EF39
:105C200076E1CE018F5F9D4F0E94DB0FC090B133B4
:105C3000D090B23383E290E08093B1339093B2334B
:105C400010E000E0812C912C540122E0322E412CF6
:105C5000512C320143948091AB33801761F141E0C4
:105C60006FEF802F0E94641A81112AC060E880E8DB
:105C70000E94ED1780E496E00E94D90E81E10E9417
:105C8000520E81110EC0D301C201002E04C0880F34
:105C9000991FAA1FBB1F0A94D2F7882A992AAA2AF9
:105CA000BB2A6EE180E00E945F1860E880E80E94F5
:105CB000ED17309204340F5F1F4F0F31110559F665
:105CC000C092B133D092B2336EE180E00E945F188F
:105CD00060E880E80E94ED1782E080930434D501EB
:105CE000C4010E2C04C0B695A795979587950A9484
:105CF000D2F780FF28C069E878E0CE018F5F9D4F22
:105D00000E94DB0FB701CE018F5F9D4F0E94251EC1
:105D100066E878E0CE018F5F9D4F0E94DB0F6DEF4C
:105D20007FEECE018F5F9D4F0E94D01DB701CE0147
:105D30008F5F9D4F0E94251E6CE778E0CE018F5F3C
:105D40009D4F0E94DB0F2FEFE21AF20A30E2E316BA
:105D5000F10429F63FCF43E050E063E070EFC80163
:105D60000E94C053892B09F0F6C03E018BEE681AE1
:105D70008DEF780A8FEF9FEFF301808391832E01DF
:105D8000FDEE4F1AFDEF5F0AF201808391837E01E1
:105D9000F3EFEF1AFDEFFF0AF70180839183FF9283
:105DA000EF925F924F927F926F9287E090EF9F9376
:105DB0008F931F930F930E94F153CDBFDEBF0297C5
:105DC00009F0C9C0F70120813181121613060CF0C9
:105DD000C2C0F30180819181039708F0BCC0F20139
:105DE0008081918101974F9708F0B5C0020F131F72
:105DF00058017801F7013080332049F1F5E23F1274
:105E000023C0F70181818823F9F022802220E1F06C
:105E10000E94F33C6C01822D0E94F33CD7FC14C01D
:105E200097FD12C094E0CC0CDD1C9A95E1F7C82ACE
:105E3000F501C082F2E0EF0EF11CFFEFEF1AFF0A4E
:105E40002FEFA21AB20AD6CFF5013082F6CFF501B4
:105E5000108278010F5F1F4FF7018081082E000C20
:105E6000990B0E94F24E892BA1F7F70101900020B7
:105E7000E9F78F0101501109F80182916F01082E95
:105E8000000C990B0E94F24E892B81F5F8011082CB
:105E900068EF76E1CE018F5F9D4F0E94DB0FF3012B
:105EA00080819181029720F5F201808191819C018E
:105EB000215031092F313105B8F48093AC339FEF75
:105EC0009093AD3341E06FEF0E94641AF7010190A7
:105ED0000020E9F73197BF016E197F0941E0C70142
:105EE0000E94A81A0E94511A81E003C08601C4CF03
:105EF00080E0F301208131812230310551F0232BE4
:105F000041F5F70101900020E9F7329790819F3326
:105F100001F5CE018F5F9D4F0E943013F201808109
:105F200091819C01215031092F31310508F052CE69
:105F30008093AC339FEF9093AD3342E06FEF0E94BC
:105F4000641A70E060E0C4010E942B1B0E94511A89
:105F500041CE81113FCE60EE76E122CEDC0188E8B1
:105F60009FEE8D939D9384E0FB0101900D928A95A5
:105F7000E1F70895EF92FF920F931F93CF93DF9372
:105F800000D000D0CDB7DEB78C017B01FB0184854A
:105F90008830A0F088E89FEEF80180839183128218
:105FA000138214821582C8012496CDBFDEBFDF9113
:105FB000CF911F910F91FF90EF900895CE01019620
:105FC0000E943F1C89819A810E94E80C24E030E005
:105FD000AE014F5F5F4F6CE070E0F70184850E9477
:105FE00071240E941C0CBE016F5F7F4FC8010E948C
:105FF000AE2FD9CF7F928F929F92AF92BF92CF92C6
:10600000DF92EF92FF920F931F93CF93DF93CDB761
:10601000DEB7A697CDBFDEBF8C01762E942E852EDF
:1060200020E2A22ECE0101967C01DC01EA2D1D9218
:10603000EA95E9F76801F3E4CF0ED11C88E89FEEFA
:1060400089A39AA38FEF8BA38CA38DA38EA343E484
:1060500050E0BE016F5D7F4FC6010E94451C019656
:1060600009F4BFC081E089838A8386E0B82EBB82B1
:106070001C82D80114966D917D918D919C911797FA
:106080000E9471526D837E838F83988789869A865A
:1060900080E890E08B879C874CE150E0B701C60117
:1060A0000E943C27FE0137968AE1DF011D928A9506
:1060B000E9F74801B8E08B0E911CF401D70101907B
:1060C0000D92BA94E1F740E150E0B701C6010E9499
:1060D0003C27F7011192AA94E9F796E0A92EB12C7A
:1060E00040E250E0B701C6010E943C27F1E0AF1A40
:1060F000B108B1F783E6898392E89A8393E59B839D
:106100008C8385E38D8381E08E837F829DE39887F6
:1061100097E099878A8786E0F401DE011B9601905B
:106120000D928A95E1F78CE0898B8A8B63E170EFA1
:10613000CE0143960E94B953D8011B966C91CE01B3
:1061400049960E94A30DF8016485CE014B960E94EA
:10615000A30DD8011D966C91CE014D960E94A30D02
:106160004EE150E0B701C6010E943C27B3E07B122C
:106170001EC082E3898384E08A83F80196859B832D
:1061800097859C8390899D8391899E8396E39F83C5
:106190008887828D8987838D8A87848D8B87858D7B
:1061A0008C874CE050E0B701C6010E943C2787E392
:1061B000898386E08A8391E09B8393E09C838D832F
:1061C0008FE08E838AE38F838BE388878FEF8987C5
:1061D00049E050E0B701C6010E943C27C6010E9479
:1061E0002924A696CDBFDEBFDF91CF911F910F91DD
:1061F000FF90EF90DF90CF90BF90AF909F908F90E7
:106200007F9008950F931F93CF93DF93CDB7DEB7A1
:106210002897CDBFDEBF8C01D80159964D915C9176
:106220005A974115510551F0ED91FC91028CF38D77
:10623000E02D70E060E0C8010995EECFF801808D97
:106240000E94B927892B99F148E050E0BE016F5FA9
:106250007F4FD80158968C910E94792918161906FB
:10626000F4F4D801509684E0FE01319601900D922D
:106270008A95E1F78D8190E0982F88272E81820FF3
:10628000911DF801848B958B8F81282F30E0322F60
:1062900022278885820F932F911D818F928F2896B8
:1062A000CDBFDEBFDF91CF911F910F91089590E098
:1062B00080E0F5CF4F925F926F927F928F929F9284
:1062C000AF92BF92CF92DF92EF92FF920F931F9304
:1062D000CF93DF93CDB7DEB76397CDBFDEBF7C0131
:1062E0006B013A01FB0120E090E080E06AE031912F
:1062F000332309F461C040ED430F4A3008F04DC02C
:10630000689FA001699F500D1124CA01C097830F97
:10631000911D37FD9A958F3F910549F340F3F701A1
:1063200042815381648175818091EA329091EB3290
:10633000A091EC32B091ED32481759076A077B07FC
:1063400009F40AC28701085F1F4F0E94550F6F7042
:1063500077277C5FC8010E94842B813009F001C23D
:1063600088E89FEE89839A83F70182819381A481D3
:10637000B5818B839C83AD83BE8345E350E0BE0132
:106380006F5F7F4FC8010E94451C892B91F5D12C6E
:10639000C12CC8010E94F72217C03E3209F0BFCFBE
:1063A000233009F4BCCFD301A20FB11D12968C93F8
:1063B0002F5F90E080E09BCF233009F0B0CFF30156
:1063C0008583CC24C394D12CC6016396CDBFDEBF98
:1063D000DF91CF911F910F91FF90EF90DF90CF90C1
:1063E000BF90AF909F908F907F906F905F904F90F5
:1063F00008950E94550FF7016683778342E050E0CD
:10640000B7016A5F7F4FC8010E943C2781E090E09E
:1064100089839A8342E050E0BE016F5F7F4FC801DD
:106420000E943C2780E091E089839A8342E050E01B
:10643000BE016F5F7F4FC8010E943C2719821A82FC
:1064400042E050E0BE016F5F7F4FC8010E943C27D1
:1064500042E050E0BE016F5F7F4FC8010E943C27C1
:1064600042E050E0BE016F5F7F4FC8010E943C27B1
:106470005601F6018081882301F16501F6018191C1
:106480002F01882311F08E32B1F446018A189B083F
:106490001814190474F48D8641E050E0BE01635F66
:1064A0007F4FC8010E943C27A401B501C8010E948A
:1064B0003C275201DECF6201E1CF1D8641E050E072
:1064C000BE01635F7F4FC8010E943C27C12CDD24C1
:1064D000D394C982DA8242E050E0BE016F5F7F4F01
:1064E000C8010E943C27C982DA8242E050E0BE0126
:1064F0006F5F7F4FC8010E943C27C8010E9429247A
:10650000892B09F444CFF3E0AF2EB12C230122E014
:10651000420E511CD4C0F7014281538164817581C0
:10652000808D918DA28DB38D481759076A077B071F
:1065300009F008C1848D958DC59709F003C181A12B
:1065400092A15DEFC52EDD24DA940C970CF4ADC05A
:106550004CE050E0BE016F5F7F4FC8010E944D2AA2
:106560008B819C81982789279827898B9A8BF701A3
:106570004681578129813A814217530709F0E7C0C4
:1065800097FFE5C08F7092703BEFC32EDD24DA9445
:10659000892B09F08AC06F8078847624672476245A
:1065A0002AEFC22EDD24DA946114710409F47DC04F
:1065B000D12CC12C8D819E81982789279827C816B8
:1065C000D906F8F441E050E0BE01635F7F4FC80197
:1065D0000E944D2A4D85442331F050E070E060E088
:1065E000C8010E944D2A8D858111ECCF44E050E016
:1065F00070E060E0C8010E944D2AFFEFCF1ADF0A69
:10660000D9CF912C812C41E050E0BE016D5E7F4FCF
:10661000C8010E944D2A4B89842F807C09F06CC0F0
:10662000442331F050E070E060E0C8010E944D2A40
:106630008B898111E8CF42E050E0BE01615F7F4F5E
:10664000C8010E944D2A42E050E0BE01635F7F4FC7
:10665000C8010E944D2A44E050E070E060E0C801AB
:106660000E944D2A42E050E0BE016F5E7F4FC8019C
:106670000E944D2A8F85988949895A8981159140B0
:1066800009F043C0CD84DE84DC24CD24DC2481E009
:10669000C816D104D1F54115544009F04AC044E070
:1066A00050E0B201C8010E944D2A21E0A21AB108AF
:1066B00009F46FCEFFEFCF16DF0609F06ACE0E9415
:1066C000550F3B014C01C8010E94023118161906F2
:1066D0000CF421CF0E94550F661977098809990992
:1066E000693873418105910548F562E370E080E007
:1066F00090E00E94250FE7CF41E050E070E060E0BD
:10670000C8010E944D2A1B8A93CF5427452754273E
:1067100070E060E0C8010E944D2AFFEF8F1A9F0AC7
:106720006814790409F06FCF96EFC92EDD24DA944E
:10673000BCCFE7EFCE2EDD24DA94B7CFCC24CA94B9
:10674000DC2CB3CF6EEFC62EDD24DA94AECF4CEF47
:10675000C42EDD24DA94A9CF8EEFC82EDD24DA947E
:1067600033CED12CC12C30CECF92DF92EF92FF925C
:106770000F931F93CF93DF93CDB7DEB7AF97CDBF06
:10678000DEBF7C016A0108E81FEE09831A831B86BD
:106790001C8688EE93E0A0E0B0E08D879E87AF87EF
:1067A000B88B88E09FEE89879A870F8B188F198E98
:1067B0001A8E1B8E1C8E88E089A30AA71BA71CA615
:1067C0001DA61EA61FA68091993390919A33A09181
:1067D0009B33B0919C338EA39FA3A8A7B9A78B83AB
:1067E0009C83AD83BE831F821886AE01465D5F4FDA
:1067F000CE0101960E945A3181309105B1F4D70142
:10680000ED91FC910288F389E02D0CA31DA38CA5CA
:106810009DA5AEA5BFA58EA39FA3A8A7B9A7A601B6
:10682000BE016C5D7F4FC7010995AF96CDBFDEBF3E
:10683000DF91CF911F910F91FF90EF90DF90CF905C
:106840000895CF92DF92EF92FF920F931F93CF9311
:10685000DF93CDB7DEB7AF97CDBFDEBF8C016B0145
:106860007A0188E89FEE89839A831B821C821D82AD
:106870001E821B861C8648EE53E060E070E04D8768
:106880005E876F87788B28E03FEE29873A878F8B6A
:10689000988F198E1A8E1B8E1C8E28E029A38AA72A
:1068A0009BA71CA61DA61EA61FA6D8011C968C91F0
:1068B000883060F40E940823882321F0F801848541
:1068C0000E94BF2288E0D8011C968C938091993356
:1068D00090919A33A0919B33B0919C338EA39FA348
:1068E000A8A7B9A78B839C83AD83BE831F8218861C
:1068F000AE01465D5F4FB601CE0101960E945A314E
:106900000097C1F0D801ED91FC910684F785E02D48
:1069100088E89FEE8CA39DA38CA59DA5AEA5BFA5E1
:106920008EA39FA3A8A7B9A7A701BE016C5D7F4F47
:10693000C8010995AF96CDBFDEBFDF91CF911F9102
:106940000F91FF90EF90DF90CF900895DC011496A7
:106950008D919C9115976817790750F4ED91FC91F2
:106960001197E60FF71F14966D937C93159710827D
:1069700008950F931F93CF93DF93EC018881998142
:10698000009759F02A813B812617370730F081E0C4
:10699000DF91CF911F910F9108958B016F5F7F4F12
:1069A0000E94A752009759F0888399830A831B831A
:1069B0002C813D81232B59F7FC011082E8CF80E028
:1069C000E7CFEF92FF920F931F93CF93DF93EC01EA
:1069D0007B01FB0101900020E9F731978F01061B35
:1069E000170BB8010E94B93428813981811113C075
:1069F0002115310519F0C9010E94804D18821982B4
:106A00001C821D821A821B82DF91CF911F910F91F0
:106A1000FF90EF9008950C831D83B701C901DF91AA
:106A2000CF911F910F91FF90EF900C94B953CF939A
:106A3000DF93EC0170E060E00E94B9342881398175
:106A400081110FC02115310519F0C9010E94804D37
:106A5000188219821C821D821A821B82DF91CF91BB
:106A600008951C821D826BEC7FEEC901DF91CF91EE
:106A70000C94B953EF92FF920F931F93CF93DF9330
:106A800000D0CDB7DEB78C0169831A82FC01E480A7
:106A9000F580FFEFEF1AFF0AB7010E94B93488238F
:106AA00081F0F8012081318184819581BE016F5F81
:106AB0007F4F820F931F0E94B953F801E482F58241
:106AC00081E00F900F90DF91CF911F910F91FF9078
:106AD000EF9008958F929F92AF92BF92EF92FF92A4
:106AE0001F93CF93DF93FC0124A1283028F5162FA4
:106AF000EC017C01F7E2EF0EF11CC7010E943A3570
:106B00000E94550F4B015C014BA55CA51A3021F08A
:106B1000411584E0580768F06FA178A5CE0148962A
:106B20000E942127C7010E9417358DAA9EAAAFAAED
:106B3000B8AE81E090E002C090E080E0DF91CF91BC
:106B40001F91FF90EF90BF90AF909F908F9008950E
:106B50003F924F925F926F927F928F929F92AF92ED
:106B6000BF92CF92DF92EF92FF920F931F93CF933A
:106B7000DF93CDB7DEB7EA97CDBFDEBF7C012A0138
:106B80003B0169010E94550F4B015C0187010D5BC0
:106B90001F4FC8010E940231181619069CF00E946E
:106BA000550F681979098A099B0946165706680620
:106BB000790608F462C162E370E080E090E00E9430
:106BC000250FE7CF42E250E0BE016F5F7F4FC80163
:106BD0000E944D2A89818230B9F0312C832DEA96AA
:106BE000CDBFDEBFDF91CF911F910F91FF90EF904E
:106BF000DF90CF90BF90AF909F908F907F906F90DD
:106C00005F904F903F900895F8018489958983346F
:106C1000910519F76D817E818F8198850E9471524F
:106C20004B015C01F60180829182A282B38246E030
:106C300050E0B701685F7F4FCE014D960E947553BB
:106C4000892B59F6F70180819181A281B381881641
:106C50009906AA06BB0608F284819581A681B781B0
:106C600088159905AA05BB0508F4B7CF89899A89C3
:106C7000AB89BC8986879787A08BB18B4EEC50E09F
:106C800070E060E0C8010E944D2A312CC701829655
:106C90008FA798ABF701B696E9ABFAAB08968BAB2A
:106CA0009CAB67019AE1C90ED11CBD96EDABFEAB62
:106CB000C70142968FAB98AFFD97E9AFFAAF470196
:106CC000FEE18F0E911CF801818D928D1816190628
:106CD0000CF084CFC8010E946C2A8333910509F41B
:106CE000B2C014F58130910509F464C044F4892BD5
:106CF00051F3C8010E946C2AAC01552775C083303E
:106D0000910509F462C00697A1F7C8010E946C2A98
:106D1000B82E44E050E0B401C8010E944D2AEB2D8A
:106D2000E450FF0BAF0160C08A33910509F45FC0E6
:106D300084F585339105B1F1C697D9F6C8010E9453
:106D40006C2A5C01B601CE0189960E94AE2F8BA5FC
:106D50009CA5ADA5BEA5892B8A2B8B2BB1F0EDA9E7
:106D6000FEA94080518062807380B601CE01839677
:106D70000E94AE2F8DA19EA1AFA1B8A5A501481676
:106D800059066A067B0609F0B8CF44E050E0B60128
:106D900018C08B33910509F440C08F3F910509F469
:106DA00092CFA7CFC8010E946C2AC8010E946C2A0A
:106DB000382E89CFC8010E946C2A44E050E06FA9A8
:106DC00078ADC8010E944D2A7ECFC8010E946C2A6E
:106DD000B82E44E050E069AD7AADC8010E944D2A5A
:106DE0008B2D8450990BAC0170E060E0EACFC801B4
:106DF0000E946C2A44E050E069A97AA9C8010E9467
:106E00004D2AF70166A177A180A591A50E94715234
:106E100066A377A380A791A756CFC8010E946C2ACA
:106E200044E050E06BA97CA9C8010E944D2AF701FB
:106E300062A573A584A595A50E94715262A773A748
:106E400084A795A740CFC8010E946C2A44E050E077
:106E50006FA578A9C8010E944D2AF70162A173A10C
:106E600084A195A10E94715262A373A384A395A3E8
:106E700066A777A780AB91AB26CF33243A94AECEEA
:106E80002F923F924F925F926F927F928F929F923A
:106E9000AF92BF92CF92DF92EF92FF920F931F9328
:106EA000CF93DF93CDB7DEB72697CDBFDEBF8C0182
:106EB0000E94554E2FEC37E040E050E00E94FF5119
:106EC000DC01CB010196A11DB11DF80184839583DE
:106ED000A683B78380839183A283B3835801F3E4AD
:106EE000AF0EB11CC5010E94F72264E470E0C50139
:106EF0000E94842B882309F442C10E94550F2B0164
:106F00003C01480182E4880E911C48EEC42E43E007
:106F1000D42EE12CF12C52E0252E1D821E82D401AC
:106F20008C918330B1F1811163C0F8018481958126
:106F3000A681B7810196A11DB11D84839583A68387
:106F4000B7830E94550F6419750986099709A7012F
:106F500096010E94DD51A90161E0C8010E94FA2F4B
:106F600081E0D4018C938D819E810197C1F20E94B2
:106F7000550F6419750986099709D801D6962D9180
:106F80003D914D915C91D9972617370748075907CE
:106F900020F6C5010E94F722F80184819581A6811F
:106FA000B7810196A11DB11D84839583A683B78304
:106FB0000E94550FF801FE9660837183828393834C
:106FC0008D819E812696CDBFDEBFDF91CF911F912F
:106FD0000F91FF90EF90DF90CF90BF90AF909F9078
:106FE0008F907F906F905F904F903F902F9008957B
:106FF0008430F1F4F80184819581A681B7810196EE
:10700000A11DB11D84839583A683B7830E94550F6C
:107010006419750986099709A70196010E94DD5137
:10702000A90163E0C8010E94FA2FD4012C929BCFE2
:10703000813051F5F80142AD53AD64AD75AD9E019F
:107040002F5F3F4FC8010E94A835382EF2E08F1302
:1070500090C089819A81AB81BC81F801848395833A
:10706000A683B7830E94550F64197509860997098D
:10707000A70196010E94DD51A90163E0C8010E94A9
:10708000FA2FD4013C926FCF823009F06CCFF80117
:1070900042AD53AD64AD75AD9E012F5F3F4FC8014A
:1070A0000E94A835382EF5E08F135DC0E3E0D401CF
:1070B000EC93F80182A193A1A4A1B5A1892B8A2BFD
:1070C0008B2B41F484E893E0A0E0B0E082A393A38B
:1070D000A4A3B5A3F80186A197A1A0A5B1A5892B6A
:1070E0008A2B8B2B61F482A193A1A4A1B5A1B695A3
:1070F000A7959795879586A397A3A0A7B1A7F80111
:1071000082A593A5A4A5B5A5892B8A2B8B2BA9F4C1
:1071100082A193A1A4A1B5A1AC01BD0123E0769504
:107120006795579547952A95D1F7841B950BA60B24
:10713000B70B82A793A7A4A7B5A7F80186A197A12B
:10714000A0A5B1A586A797A7A0ABB1AB82A593A533
:10715000A4A5B5A582AB93ABA4ABB5AB81E090E0A1
:107160008D839E8300CF96E0891303C0D4011C92C7
:10717000FACEBFEF3B12F7CEF4011082F4CE1D829F
:107180001E821ECFCF92DF92EF92FF921F93CF937A
:10719000DF93CDB7DEB72697CDBFDEBF19821A8247
:1071A0001B821C821D821E826BEC7FEECE0101963B
:1071B0000E94E1341091AB336DE874E08EEE92E3FF
:1071C0000E94DB0F612F70E08EEE92E30E94251E7D
:1071D0008EEE92E30E94E71E6DE374E08EEE92E382
:1071E0000E94DB0F6BEC7FEE8EEE92E30E94FD1EA1
:1071F000BE016F5F7F4F8EEE92E30E940F1F0E94D1
:107200003C1FCE0101960E94173510E08EEE92E3EE
:107210000E945D1018161906CCF78EEE92E30E94BC
:107220003B10E82E082E000CFF089701205331096F
:107230002A30310578F18B3109F4A8C0C4F48A30C2
:1072400009F458C08D3009F455C08830F9F611237F
:10725000E9F288E090E00E94DE1111506D817E819C
:1072600061507109CE0101960E94A634CFCF8D32B4
:10727000D9F08E3219F18B3249F61111C7CF6BE27A
:10728000CE0101960E943A358BE290E00E94DE1119
:1072900011E0BCCF682FCE0101960E943A35C7019C
:1072A0000E94DE111F5FB2CF1111B0CF6DE2CE018F
:1072B00001960E943A358DE290E0E8CF112309F45F
:1072C000A5CF8D819E81892B69F0E980FA806EE2DD
:1072D00070E0C7010E94A553009721F08E199F0905
:1072E00097FF94CF6EE2CE0101960E943A358EE26E
:1072F00090E0D6CF62E070E080E090E00E94250F41
:107300008EEE92E30E945D10181619060CF449C027
:1073100089819A81C12CD12C7601009721F00E949D
:10732000CB4E6B017C018EE18C1508F448C060E106
:1073300074E08EEE92E30E94DB0FB701A6015527A1
:10734000662777272AE08EEE92E30E94DF1D8EEEFD
:1073500092E30E94E71E63EF73E08EEE92E30E94D9
:107360002A1FC092AB3388EA93E30E94FE188981FA
:107370009A810E94804D2696CDBFDEBFDF91CF91CE
:107380001F91FF90EF90DF90CF900895CE0101966E
:107390000E94173564EC73E08EEE92E30E942A1F80
:1073A000E6CF8EEE92E30E944F108A3019F08D30B6
:1073B00009F0AECF8EEE92E30E943B10A9CF66EDAE
:1073C00073E0EACFEF92FF920F931F93CF93DF9377
:1073D000CDB7DEB76297CDBFDEBF1F821886198694
:1073E0001A861B861C866BEC7FEECE0107960E94E8
:1073F000E13488E89FEE8D879E871F86188A198A58
:107400001A8ACE0101960E94D72C8B819C81AD8176
:10741000BE818F87988BA98BBA8B6EEA73E08EEE54
:1074200092E30E94DB0FBE01635F7F4F8EEE92E31B
:107430000E94EB1E66E973E08EEE92E30E94DB0F82
:107440006BEF73E3CE0101960E94AE2F8B819C817E
:10745000AD81BE818F87988BA98BBA8B892B8A2BA4
:107460008B2B09F040C06CE873E08EEE92E30E9433
:107470002A1F63E573E08EEE92E30E94DB0F6BEC54
:107480007FEE8EEE92E30E94FD1EBE01695F7F4F8C
:107490008EEE92E30E940F1F0E943C1FCE010796C2
:1074A0000E94173500E08EEE92E30E945D101816E0
:1074B0001906CCF78EEE92E30E943B10182FE82EAF
:1074C000880FFF08C7010E946653892BA1F0003482
:1074D00050F7612FCE0107960E943A35C7010E94EE
:1074E000DE110F5FE0CFBE01635F7F4F8EEE92E350
:1074F0000E94EB1EBECF1A3019F194F4183099F6A1
:10750000002389F288E090E00E94DE1101506B8533
:107510007C8561507109CE0107960E94A634C3CFC5
:107520001D3071F01B3109F0BECFCE0107960E94CD
:1075300017356BEE72E08EEE92E30E942A1F6EC04A
:1075400062E070E080E090E00E94250F8EEE92E312
:107550000E945D1018161906FCF0EF81F88520E0F6
:1075600090E080E06AE03191332391F140ED430FE8
:107570004A30F8F4689FA001699F500D1124CA0198
:10758000C097830F911D37FD9A958F3F910559F351
:1075900050F36DEF72E0CFCF8EEE92E30E944F106A
:1075A0008A3011F08D30C9F68EEE92E30E943B10C6
:1075B000D4CF3E3271F7233061F3AFE0B0E0AC0FCF
:1075C000BD1FA20FB11D8C932F5F90E080E0CBCF49
:1075D0002330F9F68A8B66E373E08EEE92E30E9425
:1075E000DB0FBE01635F7F4F8EEE92E30E94EB1EC6
:1075F00069E173E08EEE92E30E942A1F8F858093EB
:10760000FB3388898093FC3389898093FD338A8991
:107610008093FE3388EA93E30E94FE188F81988559
:107620000E94804D6296CDBFDEBFDF91CF911F914A
:107630000F91FF90EF9008951F920F920FB60F9247
:1076400011248F939F93AF93BF9380919631909124
:107650009731A0919831B09199310196A11DB11D3A
:107660008093963190939731A0939831B09399314C
:1076700081E08093A60ABF91AF919F918F910F9067
:107680000FBE0F901F9018951F920F920FB60F927A
:1076900011242F933F934F935F936F937F938F9317
:1076A0009F93AF93BF93EF93FF938EEE92E30E946D
:1076B0004811FF91EF91BF91AF919F918F917F9171
:1076C0006F915F914F913F912F910F900FBE0F904F
:1076D0001F9018951F920F920FB60F9211242F939F
:1076E0008F939F93EF93FF93E091FA32F091FB32E7
:1076F000818181FD1BC09081809104338F5F8F73E6
:1077000020910533821741F0E0910433F0E0E2511B
:10771000FD4C958F80930433FF91EF919F918F9152
:107720002F910F900FBE0F901F9018958081F4CF6E
:107730001F920F920FB60F9211242F933F934F93E6
:107740005F936F937F938F939F93AF93BF93CF93E9
:10775000EF93FF93C091AB08C2FF0AC010922A2892
:10776000109229281092282884E00E94861212C0C4
:10777000C6FF2DC080912728813041F480912A28AE
:1077800090E0F0E0E0E0099510922728C0FF14C0D7
:107790000E949312FF91EF91CF91BF91AF919F9172
:1077A0008F917F916F915F914F913F912F910F90AA
:1077B0000FBE0F901F90189580E48093AB0881E076
:1077C0000E9486128091AB0885FFE4CFE1CFC7FF0E
:1077D00050C0C3FF08C010922A2810922928109286
:1077E000282883E0C2CF8091A90880668093A908E9
:1077F0008091AB0881FF26C080912928882349F019
:107800008091AB0884FF05C082E08093AA0881E0E4
:10781000ACCF9091292880912828981778F4E0918E
:107820002928F0E080818093AD08809129288F5F1E
:107830008093292883E08093AA08ACCF82E08093CC
:10784000AA0893CF90912A2880912628981760F44F
:107850008091AD08E0912A28F0E0808380912A2869
:107860008F5F80932A28E6CF86E08093AA0882E083
:107870007CCF85E07ACF1F920F920FB60F92112422
:107880002F933F938F939F93EF93FF938091A5083E
:10789000982F9C70C9F08091A50894E082FF93E036
:1078A000909331288093A50881E0809379281092E5
:1078B0007828FF91EF919F918F913F912F910F9099
:1078C0000FBE0F901F90189586FF4CC020912E2858
:1078D00090912D288091A50884FF10C080912C28BC
:1078E000882351F083E08093A40885E080933128B9
:1078F0001092782881E031C081E0F5CF8091322864
:10790000821790F4E091322880912F2890913028AE
:10791000E80FF92FF11D80818093A808809132280B
:107920008F5F80933228C5CF80913328891748F420
:1079300084E08093792880912B2881608093A70828
:10794000B8CF80912C28882359F083E08093A40835
:1079500081E0809331281092782880937928A9CFEC
:1079600081E0F4CF87FF3DC09091332880912D288E
:107970009817D8F48091A808E091332820913428F2
:1079800030913528E20FF32FF11D80838091332849
:107990008F5F8093332890912D2880913328891709
:1079A000C0F482E08093A40884CF80912C2888239F
:1079B00071F087E08093A40882E0809331281092D0
:1079C000782881E08093792810922D2872CF85E065
:1079D000F1CF80912C28882311F087E0B7CF85E084
:1079E000B5CF86E083CF90ED980F9A3028F4082E1B
:1079F000000C990BC09708959FEB980F963028F4D0
:107A0000082E000C990BC79708959FE9980F9630A0
:107A100030F4082E000C990B8755910908958FEFCB
:107A20009FEF0895CF93DF93809132349091333458
:107A30000E94804D8AED94E30E94F722C4ECD4E3C7
:107A40002F97E881F981028CF38DE02DCE01099505
:107A500084E3CC34D807A1F7DF91CF910895CF9379
:107A6000DF9380E040E856E968E970E07695679535
:107A7000579547958F5F863011F487E007C04130F6
:107A800099E059079DE36907710580F7E4E0E09309
:107A9000E732982F9095292F217030E094E0220F43
:107AA000331F9A95E1F791E08162822B8093E63251
:107AB0001092AC321092AB3228E83FEE2093E832BD
:107AC0003093E9321092EA321092EB321092EC329B
:107AD0001092ED321092F0321092F13248EE53E0F3
:107AE00060E070E04093F2325093F3326093F432EE
:107AF0007093F532A8EDBEEEA093EE32B093EF3264
:107B0000A0E0B8E0A093FA32B093FB329093FC323D
:107B10001092FD321092FE3285E08093FF32E093A6
:107B2000003390930133109202331092033310927A
:107B3000043310920533109206331092073382E11A
:107B4000809308331092093310920A3310928D33C8
:107B500010928E3340938F335093903360939133D0
:107B600070939233E6EFFEEEE0938B33F0938C3319
:107B700020939733309398331092993310929A331D
:107B800010929B3310929C331092FD341092FE346D
:107B9000E2E3FFEEE093FB34F093FC34E0E5F0E049
:107BA000E093FF34F09300351092033510920435C2
:107BB000409305355093063560930735709308352B
:107BC00046E55FEE409301355093023588E080939F
:107BD0000D3548EE53E040930E3550930F3510921B
:107BE000A3331092A4331092A6331092A7331092AD
:107BF000A53346EB5FE1409312285093132820935E
:107C00009D3330939E3310929F331092A033109285
:107C1000A1331092A23310920434E8EAF3E38CE526
:107C2000DF011D928A95E9F782E08093AA33909351
:107C3000AC338FEF8093AD3320EB34E02093B1333E
:107C40003093B2331092063480E58093083410925A
:107C5000093490930A3482E49FEE809348349093E1
:107C60004934ECE4F4E3C4ECD4E388EE93E0A0E020
:107C7000B0E066E57FEE28E048EE53E01282138222
:107C800084839583A683B783608371832487458724
:107C900056873F96CE17DF0789F7E8E4F4E3E093D1
:107CA000D634F093D73410924A3410924B34EAE42D
:107CB000F4E3E093D834F093D9341092DC3410928A
:107CC000DD348093DE349093DF34A093E034B093BE
:107CD000E134E8E0FFEEE093DA34F093DB34E8E8F7
:107CE000FFEEE093E834F093E9341092EA34109216
:107CF000EB341092EC341092ED342093F234109265
:107D0000F7341092F834C2E3DFEEC093F534D09329
:107D1000F634CFE6D0E0C093F934D093FA34109221
:107D20000D3410920E3480930F3490931034A0933E
:107D30001134B0931234CEE8DFEEC0930B34D093FD
:107D40000C34E0931934F0931A3410921B341092CF
:107D50001C3410921D3410921E341092253410924F
:107D600026348093273490932834A0932934B093F9
:107D70002A34609323347093243420932F34409317
:107D80003034509331341092323410923334109294
:107D900034341092353410923634109237346BEC00
:107DA0007FEE82E394E30E94E13410923834109223
:107DB000393410923A3410923B3480E197E2A0E0DB
:107DC000B0E080933C3490933D34A0933E34B09324
:107DD0003F34109240341092413410924234109249
:107DE000433484EF91E0A0E0B0E08093443490937A
:107DF0004534A0934634B0934734DF91CF91089532
:107E0000CF93DF93CDB7DEB7EA97CDBFDEBF88ED66
:107E100090E084BF90936100809102068660809319
:107E20000206809100068160809300068091020620
:107E30008F7C8065809302061092E20582E0809339
:107E4000E40581E08093030A8EEF8093270A8093F4
:107E5000260A80E880932D0A80932B0A8093290AB2
:107E600080932C0A80932A0A8093280A8BE08093BF
:107E7000000A87E08093E505E0E8FAE037E02EEFBE
:107E800090E885E031832487958780837096E03C75
:107E90004AE0F407B9F71092A10A8FE19EE48093BB
:107EA000AC0A9093AD0A8091A50A81608093A50ADF
:107EB0001092A00A8091A00A81608093A00A789411
:107EC00061E08DE00E94BA0D61E087E20E94BA0D88
:107ED00061E086E20E94BA0D61E08DE00E94130E1F
:107EE00061E087E20E94130E60E086E20E94130EBA
:107EF00040E052EC61E070E08EEE92E30E9459198E
:107F000064E670E080E090E00E94250F6AED76E084
:107F10008EEE92E30E942A1F0E945B1E6BEC7FEEA6
:107F20008EEE92E30E94FD1E88EDA89584BF80919D
:107F30000001807F8093000110923728109236282C
:107F40001092BB281092BA2880917928811120C004
:107F50008091E305807309F074C062E082E00E94C2
:107F6000BA0D62E083E00E94BA0D81E08093792827
:107F700010923328109232281092782810923128CB
:107F800091EC9093A30895E59093A6088093A5089B
:107F9000109108341093BC286FE78BE893E30E949C
:107FA000F7126AE78BE893E30E94F7124091BA2830
:107FB00080917928813059F480917828811107C007
:107FC00001E020E06AE778E2812F0E9438121092E7
:107FD000BB281092BA288091083428E338E2209315
:107FE00034283093352890917928F12C913071F410
:107FF00090917828FF24F394911108C001E026E0C5
:1080000040E070E060E00E943812F82EF0923628CE
:108010008E010D5D1F4F5E0159E2A50EB11C480196
:10802000D02EE12EA814B904C9F080913728F81693
:10803000A9F08BE893E30E94BF12D4018D934D0108
:10804000F1CF8091E3058073803209F08ECF62E03A
:1080500080E10E94BA0D62E081E185CF19821A8227
:108060001B821C821D821E826AE170EFFE01319626
:108070001F01CF010E94E13480910934882329F047
:10808000B1018EEE92E30E940F1F89819A810E94B6
:10809000804D19821A821B821C821D821E8266E21A
:1080A00070EFC1010E94E13480910934882329F0E6
:1080B000B1018EEE92E30E940F1F89819A810E9486
:1080C000804D6CEC76E08EEE92E30E94DB0F28E3AD
:1080D000822E20EF922ED8018D918D0119821A8265
:1080E0001B821C821F928F939F928F923F922F929E
:1080F0000E94CE53B1018EEE92E30E94D01D0F90EC
:108100000F900F900F900F900F90A016B10619F7D7
:108110008EEE92E30E94E71E67EA76E08EEE92E32F
:108120000E942A1F88EDA89584BF80910001807F5E
:108130008093000140E052EC61E070E08EEE92E34B
:108140000E94591919821A82C1010E94C31889819B
:108150009A81019631F1CE0144960E94C31898EAA3
:10816000A92E93E3B92E02E010E009831A83C1011E
:108170000E94B318F50181935F010F5F1F4F0E3509
:10818000110599F788EA93E30E94F90B2C893D8940
:108190008217930789F169ED74E08EEE92E30E94F5
:1081A0002A1F61EC74E08EEE92E30E942A1F10E019
:1081B00000E06FEFC8010E94E5180F5F1F4F011527
:1081C000F1E01F07B1F78CE5E8EAF3E3DF011D9268
:1081D0008A95E9F782E08093AA3381E08093AC33FB
:1081E0008FEF8093AD3380EB94E08093B133909325
:1081F000B233CF010E94FE181091AA33123009F059
:108200003DC30E9402180E94281A88EC90E00E9448
:10821000D90E1093AA3361EE81EA0E945F1861EAD9
:1082200081EA0E94ED176EE180E00E945F1860E233
:1082300080E00E94ED1781E08093043461E080E0EB
:108240000E94ED1786E990E00E94D90E61E081E07E
:108250000E94ED178091FA338F3F11F41092FA3398
:108260008091AB338823C1F08F3110F01092AB3383
:1082700061E776E08EEE92E30E94DB0F4091AB3334
:1082800050E070E060E02AE08EEE92E30E94DF1D95
:108290008EEE92E30E94E71E8FEF8093AC336BEF7C
:1082A00073E3CE0144960E94AE2F87E080930028AE
:1082B0001B821C821D821E828E899F89A88DB98D8A
:1082C0004B815C816D817E8184179507A607B70776
:1082D00009F0F1C26DE576E08EEE92E30E942A1F6E
:1082E00080911B2981112AC0109202291092032922
:1082F00088EE93E0A0E0B0E08093042990930529F4
:10830000A0930629B093072988E09FEE8093002967
:108310009093012988E89FEE80930E2990930F296E
:1083200010921029109211291092122910921329DB
:1083300088E08093182981E080931B298DEB98E2D7
:1083400080939431909395310E94C220882309F440
:10835000B0C0C1010E943F1C89819A810E94E80C33
:1083600046E050E06D2D7E2D89E090E00E94F913EB
:1083700088E89FEE89839A831B821C821D821E825D
:10838000CE0103960E9469150E941C0C1092DF28F2
:108390001092E0281092E1281092E2281092E3282F
:1083A0001092E4281092E5281092E6281092E7280F
:1083B0001092E8281092E9281092EA2880E69AEEB6
:1083C000A0E0B0E08093F3289093F428A093F528E0
:1083D000B093F62880EA9FE0A0E0B0E08093F72811
:1083E0009093F828A093F928B093FA28EBECF8E2E0
:1083F00084E1DF011D928A95E9F786E0ED2DFE2DDF
:10840000A5ECB8E201900D928A95E1F71092FF2851
:108410008DEB98E20E944037019709F04AC0C101F4
:108420000E943F1C89819A810E94E80C009194313E
:1084300010919531B801625F7F4FC1010E94AE2F4C
:10844000CE0103960E946915B8016A5E7F4FC10193
:108450000E94AE2FCE0103960E947715B8016E5E82
:108460007F4FC1010E94AE2FCE0103960E9470156E
:108470000E941C0CB801625E7F4FC1010E94AE2FAA
:108480008B819C81AD81BE818093993390939A3387
:10849000A0939B33B0939C330E94E90E7F7380912D
:1084A0000328909104286827792760930328709304
:1084B0000428C1010E94D72C8B819C81AD81BE8193
:1084C00080939F339093A033A093A133B093A233B2
:1084D0006AE475E08EEE92E30E94DB0F6DE973E3D0
:1084E0008EEE92E30E94EB1E88E89FEE89839A83CA
:1084F00080919F339091A033A091A133B091A2338A
:108500008B839C83AD83BE83C1010E94AF15811113
:10851000E0C165E075E08EEE92E30E942A1F81E0E3
:1085200090E080930128909302286EE276E08EEE30
:1085300092E30E942A1F82E393E2A0E0B0E08093DE
:10854000D2349093D334A093D434B093D534809163
:108550004A3490914B34009711F00E94804D86E090
:1085600090E00E94E44C2091D2343091D334FC014D
:108570001282138242E35FEE40835183248335836A
:1085800080934A3490934B34009711F00E94A22BB1
:1085900063EF75E08EEE92E30E942A1F6FE670E0B3
:1085A0008AED94E30E94842B85EF94E30E94A22B32
:1085B0006CED75E08EEE92E30E942A1F80910128F7
:1085C00090910228892B09F489C10E94A3156AEBB6
:1085D00075E08EEE92E30E942A1F8BEF94E30E94D7
:1085E000A22B62EA75E08EEE92E30E942A1F809130
:1085F0000528909106280E940F4F8134910598F428
:1086000080910A2890910B280E940F4F8134910588
:1086100050F480910F28909110280E940F4F8134C0
:10862000910508F468C167E575E08EEE92E30E945B
:108630002A1F62E975E08EEE92E30E942A1F0E94D3
:108640005B1E6BEC7FEE8EEE92E30E94FD1E0E949D
:10865000681F0E943C1F0E94550F609390317093D9
:10866000913180939231909393318091D83490914D
:10867000D9340E947E15882309F445C08AED94E31D
:108680000E940231181619060CF045C140E450E072
:1086900067E672E38AED94E30E944D2A18161906E4
:1086A00094F581E00E94D31587E692E30E94C115FC
:1086B000AB01BC0187E092E30E9459164091EE3471
:1086C0005091EF3488E89FEE89839A838091EA3451
:1086D0009091EB34A091EC34B091ED348B839C837A
:1086E000AD83BE83B1018AED94E30E94451C4CE149
:1086F00050E067E072E38AED94E30E943C278AED44
:1087000094E30E9429244CE454E34BAB5CAB8A0114
:10871000D801ED91FC91008CF18DE02DC8010995F7
:10872000882391F0D801ED91FC910688F789E02D1E
:10873000C8010995811108C0D801ED91FC91048808
:10874000F589E02DC8010995015F1F4FB4E3043C92
:108750001B07F1F68AE494E30E947E158823D1F08A
:1087600060914A3470914B34C1010E9450238D8531
:10877000883080F40CE414E3D801ED91FC91008C76
:10878000F18DE02DC8010995811157C1B101C801D2
:108790000E9485171CE4612E14E3712E1FA618AAEF
:1087A00019AA1AAA2E01E4E14E0E511CD301ED9133
:1087B000FC91008CF18DE02DC3010995882309F40B
:1087C0004DC4D301ED91FC910084F185E02DC301EE
:1087D0000995892B09F442C410924F2D1092502D07
:1087E0001092512D1092522D44E050E06FE47DE242
:1087F000C3010E94840F8FE49DE20E94C115AB016A
:10880000BC017F77453051056105710508F426C428
:108810004D33B4E05B076105710520F04CE354E093
:1088200060E070E063E57DE2C3010E94840F8FE5A4
:108830009DE20E94C1156F3A77408640910509F08C
:10884000F7C487E69DE20E94C1156C307105810571
:10885000910509F460C208F0FBC06A30710581051A
:10886000910509F451C16B3071058105910509F439
:108870000AC343E050E060E070E0DEC40E94281AC2
:1088800088EC90E00E94D90E81E08093AA336FEFCC
:1088900080E00E945F1860E280E20E94ED1761EEC6
:1088A00080E40E945F1860E480E40E94ED1786E097
:1088B00080930434CFCC28E83FEE29833A838B831E
:1088C0009C83AD83BE83B1018D2D9E2D0E94082215
:1088D000F0CD109201281092022827CE61E08DE0A1
:1088E0000E94130E60E087E20E94130E61E086E2B0
:1088F0000E94130E6CCE85E098E28093A333909390
:10890000A43383E08093A53381E995E08093A63377
:108910009093A7338ECE1E8A1F8A88EEC82E83E0DE
:10892000D82EE12CF12CC88ED98EEA8EFB8E86E5EE
:108930009FEE8C8B9D8B88E088A388EE93E089A3C3
:108940009AA365EF74E3C1010E945023B101CE01E7
:1089500044960E94851788A1883008F0D4CE1092E2
:108960002732109228321092293210922A3244E093
:1089700050E067E272E3CE0144960E94840F87E2E2
:1089800092E30E94C1156B017C01E894F7F825E0A1
:10899000C216D104E104F10408F44BC03DE3C31650
:1089A000D104E104F10428F00CE3C02ED12CE12C19
:1089B000F12CA6016BE272E3CE0144960E94840F73
:1089C000CD2891F180E00E94D3158BE292E30E94C2
:1089D000C115AB01BC0187EE91E30E9459164CE131
:1089E00050E060E070E8C1010E94C91589819A8158
:1089F000AB81BC818093E3319093E431A093E53166
:108A0000B093E631CE0144960E949F26892BD1F384
:108A100040E250E063EE71E3CE0144960E942127CC
:108A2000CE0144960E948226CE0144960E94F023F5
:108A30006ACEC12CD12C7601C3CF015F1F4FB4E3A6
:108A4000043C1B0709F098CEC1010E94F023A2CE7E
:108A50006F3071058105910509F4B0C36731710567
:108A60008105910509F4C9C26D3071058105910533
:108A700009F0FFCE10923B2910923C2910923D291B
:108A800010923E2910923F291092402910924129BC
:108A9000109242290091D6341091D73483E89DE298
:108AA0000E94C1159B01AC01EFA5F8A9E658FF4F44
:108AB000E65BFB4C8081682F70E0D801ED91FC9162
:108AC0000084F185E02DC8010995482F50E070E041
:108AD00060E0CE0101960E94C91589819A81AB811F
:108AE000BC818093432990934429A0934529B09356
:108AF000462983E499E20E94C1156F3F7105810503
:108B0000910509F058C2B5CEE7E2F9E288E2DF014B
:108B10001D928A95E9F787E89DE20E94C1154B01F5
:108B20005C018114B4E09B06A104B10430F08824F8
:108B30008A94B3E09B2EA12CB12CF401E15BF24DA1
:108B40007F0114AE8091D6349091D734DC01ED9141
:108B5000FC910484F585E02D09950FE41DE2811157
:108B600035C010923B2910923C2910923D29109259
:108B70003E29C12CD12CE12CA9E0FA2EC0923F292C
:108B8000D0924029E0924129F09242291092432943
:108B90001092442910924529109246291092472993
:108BA000109248291092492910924A2910924B2973
:108BB00010924C2910924D2910924E2948E250E013
:108BC00060E070E0C3010E948B1648C2E016F10617
:108BD00069F0D801DC968C91082E000C990B0E944C
:108BE0006D53F80184AF0F5F1F4FF0CF1C8A1D8AB1
:108BF0005F924F928EE390EF9F938F938BE89DE26D
:108C00009F938F930E94F1530F900F900F900F90AE
:108C10000F900F90019761F180918B2D87568230D4
:108C200038F580918C2D803719F580918D2D8936FE
:108C3000F9F480918E2D8236D9F4EFE8FDE244E01C
:108C400050E060E070E0481559056A057B0580F446
:108C50002191222369F0CA014F5F5F4F6F4F7F4F11
:108C60002C3289F78457924D0E94AD4E8C8B9D8B90
:108C70008C899D898032910570F010923B29109269
:108C80003C2910923D2910923E29C12CD12CE12C77
:108C9000F5E0FF2E73CFEFA5F8A9E658FF4FE65B8E
:108CA000FB4C808310923B2910923C2910923D2965
:108CB00010923E2910923F2910924029109241298A
:108CC000109242294FA558A969A97AA9CE01019607
:108CD0000E94C91589819A81AB81BC818093432907
:108CE00090934429A0934529B0934629109247298F
:108CF000109248291092492910924A2920E030E028
:108D000044E050E020934B2930934C2940934D2967
:108D100050934E2953CF8FE79DE20E94C1154B011E
:108D20005C0181149104A104B10431F0811434E098
:108D30009306A104B10428F0812CE4E09E2EA12C1E
:108D4000B12CE7E2F9E284E2DF011D928A95E9F7AE
:108D50001B821C8278EEC72E73E0D72EE12CF12CFB
:108D6000CD82DE82EF82F88686E19EEE89839A8349
:108D70008BE499E28D879E878F86988A198A1A8A52
:108D80001B8AC090D634D090D73483E89DE20E94ED
:108D9000C1157B018C01EFA5F8A9E658FF4FE65BF2
:108DA000FB4C8081682F70E0D601ED91FC9106802C
:108DB000F781E02D9401A101C601099510923B298C
:108DC00010923C2910923D2910923E298430910541
:108DD000D1F4C12CD12CE12C6FE0F62EC0923F29AA
:108DE000D0924029E0924129F092422980E090E01F
:108DF000A0E0B4E08093432990934429A0934529AF
:108E0000B093462922C08530910569F420E030E016
:108E100040E053E020933F2930934029409341297B
:108E200050934229E3CF10923F291092402910928B
:108E30004129109242290197C9F6109243291092B4
:108E40004429109245291092462949895A8970E08F
:108E500060E0C2010E94C9158C899D89AE89BF89D5
:108E60008093472990934829A0934929B0934A2990
:108E700087E499E20E94C115AB01BC014C5D5F4FD4
:108E80006F4F7F4F9FCE8BE89DE20E94C1154B0133
:108E90005C0191E0891694E09906A104B10428F0E0
:108EA000812C54E0952EA12CB12C87E89DE20E94E4
:108EB000C11501E06B017C01A8E0CA22DD24EE248B
:108EC000FF2463FF00E08DAA9EAAAFAAB8AECD280A
:108ED000CE28CF28E1F0CDA8DEA8EFA8F8ACC114C9
:108EE000D104E104F10499F021E0C21AD108E108AB
:108EF000F108F601EF5BFF4FE25BF24D8081082E37
:108F0000000C990B0E94F24E892B09F059C0409138
:108F1000D6345091D73449AF5AAF8FE79DE20E94C3
:108F2000C1156B017C01EFA5F8A9E658FF4FE65B80
:108F3000FB4C8081682F70E0A9ADBAADED91FC913A
:108F400011970480F581E02D2DA93EA94FE85DE23F
:108F5000CD010995E7E2F9E220E2DF011D922A95B1
:108F6000E9F710923B2910923C2910923D2910926A
:108F70003E298430910549F5C12CD12CE12C4FE0DC
:108F8000F42EC0923F29D0924029E0924129F092DC
:108F90004229B501A401CE0101960E94C91589811B
:108FA0009A81AB81BC818093432990934429A093FB
:108FB0004529B093462940E250E060E070E002CEDF
:108FC000CDAADEAAEFAAF8AE86CF059769F420E015
:108FD00030E040E053E020933F2930934029409314
:108FE000412950934229D5CF10923F291092402910
:108FF0001092412910924229CCCFE7E2F9E284E1B4
:10900000DF011D928A95E9F710923B2910923C29C5
:1090100010923D2910923E2910923F29109240292A
:1090200010924129109242294CE150E060E070E03A
:10903000C3010E948B168091D6349091D734DC0105
:10904000ED91FC910684F785E02D0995D301ED9112
:10905000FC910488F589E02DC3010995BFE06B0EF2
:10906000711C2FA538A949A95AA92F5F3F4F4F4F0F
:109070005F4F2FA738AB49AB5AAB283031054105BC
:10908000510509F093CB3CE4832E34E3932E10E09A
:1090900000E0D401ED91FC91008CF18DE02DC40134
:1090A0000995882311F00F5F1F4FBFE08B0E911CB5
:1090B000E4EC8E16E4E39E0661F78091012890911E
:1090C0000228892B09F4CCC00E94A3158EEE92E3EE
:1090D0000E945D1018161906BCF48EEE92E30E94F1
:1090E0003B10D82EE82E880FFF08C7010E9464535A
:1090F000892B09F424C1C7010E94DE1180918F31B0
:10910000811119C1D0928F3180910D35883050F482
:1091100081E095E30E94CE23811104C081E095E3B4
:109120000E94F02380910D35883018F16BEF74E3C5
:10913000C1010E9450238D858830D8F480910D356F
:10914000883008F495C1B10181E095E30E9485174C
:1091500081E0809310351092113510921235E3E1C1
:10916000F5E380E091E0DF019C011D922150304049
:10917000E1F7DD24D394EE24EA94F12C81E095E329
:109180000E94CE23882309F4C3C181E095E30E94A5
:109190003529892B09F4BCC181E095E30E94962A08
:1091A00020911135309112352F3F310508F464C1FB
:1091B0008A3009F477C18D3009F371C110923B29CF
:1091C00010923C2910923D2910923E290091D634EC
:1091D0001091D73483E89DE20E94C1159B01AC0138
:1091E000EFA5F8A9E658FF4FE65BFB4C8081682F9E
:1091F00070E0D801ED91FC910284F385E02DC80167
:109200000995AC0170E060E0C1010E94C915898137
:109210009A81AB81BC8180933F2990934029A09390
:109220004129B09342294CE150E060E070E0CACCA3
:1092300041E050E060E070E0C1010E94C915898101
:109240009A81AB81BC8180933B2990933C29A09368
:109250003D29B0933E2948E150E060E070E0B2CC97
:1092600001151105A9F168EC70E08DE00E94760E01
:1092700068EC70E087E20E94760E0E94550F28EE9F
:1092800033E040E050E00E94DD5129E0660F771F97
:10929000881F991F2A95D1F728EE33E040E050E06F
:1092A0000E94FF512F3F31054105510561F05CF0EF
:1092B0008FEF91E0A0E0B0E06C017D01C21AD30A0B
:1092C000E40AF50A9601B90186E20E94760EFECE06
:1092D00061E08DE00E94130E61E086E20E94130EB1
:1092E0000E94550FA0EACA2EAFE0DA2EE12CF12C35
:1092F000A70196010E94DD51B9E0660F771F881F14
:10930000991FBA95D1F7A70196010E94FF512F3FEF
:1093100031054105510561F05CF08FEF91E0A0E06F
:10932000B0E06C017D01C21AD30AE40AF50A960185
:10933000B90187E2CACF80E180938F31E5CEFAE0B0
:10934000EF2EDE14C9F0ED1444F0E8E0FE2EDF1439
:1093500009F479C010928F31D7CE2DE0D21661F08A
:109360003BE167E077E0D312F5CF8EEE92E30E9407
:109370002A1F0E943C1FEECF80918F31882381F1FC
:10938000803131F13091A533E091A333F091A433D2
:10939000F12C082E000C990B3F1541F02281F3941B
:1093A000359628171906C1F7F1100FC06CE577E064
:1093B0008EEE92E30E942A1F6BE577E08EEE92E339
:1093C0000E942A1F0E943C1FF12C10928F310BC06B
:1093D0006BE777E08EEE92E30E942A1F10928F31A6
:1093E0000E943C1FF12C62E070E080E090E00E945F
:1093F000250F8EEE92E30E945D101816190664F494
:109400008EEE92E30E944F108A3011F08D3021F4DD
:109410008EEE92E30E943B101F140CF075CE8091EB
:10942000A5338F1508F470CEE091A333F091A433E7
:1094300045E0F49EE00DF11D112435970380F48181
:10944000E02D099561CE80918F31882309F45CCE9F
:10945000803129F088E090E00E94DE117BCF6DE240
:1094600077E08EEE92E30E94DB0F6AE177E07DCF3A
:10947000C1010E94F0237DCE8D3029F4E092113598
:10948000F092123595CE8A30C9F3F901E550FB4CC4
:10949000808F2F5F3F4F20931135309312351092FC
:1094A00010356CCE80911035811103C0D0921035EB
:1094B00065CE1092123683E195E389839A83AE01DB
:1094C0004F5F5F4F6CE370EF0E94184F009781F081
:1094D00065E470EF0E949253892B09F033C1AE010D
:1094E0004F5F5F4F6CE370EF89819A810E94184F44
:1094F000A801BC0181E095E30E94032D6AE070E0C1
:1095000080E090E00E94250F81E095E30E94F02327
:109510000E94550FC0909031D0909131E0909231DF
:10952000F09093316C197D098E099F09683E734054
:109530008105910508F41EC10E94550F609390317A
:109540007093913180939231909393310091943143
:10955000109195310115110509F4CCC00E94550FE9
:109560002B013C0178014EE3E40EF11CF7018081F0
:109570009181A281B381A3019201281B390B4A0B6F
:109580005B0BCA01B901683E33E0730781059105A1
:10959000A0F128EE33E040E050E00E94DD51461A91
:1095A000570A680A790AD7014D925D926D927C92B2
:1095B0001397F80186A597A5A0A9B1A969017A0119
:1095C000CC0CDD1CEE1CFF1C8C159D05AE05BF05EB
:1095D00008F0BBC016A617A610AA11AAF80182A906
:1095E00093A9A4A9B5A98C159D05AE05BF0508F0E2
:1095F000B5C012AA13AA14AA15AAF80186A597A5A0
:10960000A0A9B1A9892B8A2B8B2B09F0B0C0EE5BE6
:10961000FF4F8081833009F0AAC084E08083C801B5
:109620000E9440370196D801D2964D915D916D917F
:109630007C91D597452B462B472BA1F4F801EE5B87
:10964000FF4F2081233011F021110CC01082F8014E
:109650003E9684E1DF011D928A95E9F7C8010E94D8
:10966000403703968230910519F0049709F042C003
:10967000CE0101960E943F1C89819A810E94E80CCC
:109680000091943110919531B801625F7F4FCE0106
:1096900001960E94AE2FCE0103960E946915B80173
:1096A0006A5E7F4FCE0101960E94AE2FCE010396D7
:1096B0000E947715B8016E5E7F4FCE0101960E9421
:1096C000AE2FCE0103960E9470150E941C0CB801AB
:1096D000625E7F4FCE0101960E94AE2F8B819C81EE
:1096E000AD81BE818093993390939A33A0939B333D
:1096F000B0939C33A0900128B0900228CE018996A7
:109700000E94D72C0E94C220882339F08091E23138
:109710008433E9F1873309F473C083E090E08093E8
:1097200001289093022867E678E08EEE92E30E948B
:109730002A1F8091012890910228892B21F10E94F3
:10974000A31521C090E080E0D3CE821B930BA40B25
:10975000B50B86A797A7A0ABB1AB40CF821B930BED
:10976000A40BB50B82AB93ABA4ABB5AB46CF90E0EB
:1097700080E059CF8091012890910228029719F436
:10978000012B09F0B7CF0E9405120C943543CE018E
:1097900001960E943F1C89819A810E94E80C85E312
:1097A00090E00E949720182F0E941C0C15FFB5CF47
:1097B00008E81FEE09831A834BA45CA46DA47EA461
:1097C0004B825C826D827E82CE0101960E94AF1533
:1097D000811128C081E090E08093012890930228B5
:1097E0006BE578E08EEE92E30E94DB0FBE01675DD1
:1097F0007F4F8EEE92E30E94C21E6DE378E095CF1C
:10980000CE0101960E943F1C89819A810E94E80C3A
:109810008EE290E00E949720182F0E941C0C10FDF1
:10982000C7CF7BCF0BA31CA34DA25EA26FA278A6CD
:10983000C0909F33D090A033E090A133F090A2333A
:10984000CB82DC82ED82FE82CE0101960E94AF15B2
:10985000811136C00C8B1D8B4E8A5F8A688E798E83
:10986000CE0144960E94AF15882351F162EE77E055
:109870008EEE92E30E94DB0FBE016D5D7F4F8EEE98
:1098800092E30E94EB1E8DA19EA1AFA1B8A580938B
:109890009F339093A033A093A133B093A2338091D0
:1098A000012890910228892B31F061E078E08EEE5A
:1098B00092E30E942A1F109201281092022839CFA9
:1098C00008E81FEE09831A83CB82DC82ED82FE82D8
:1098D000CE0101960E94AF15882309F30C8B1D8BD6
:1098E0004DA05EA06FA078A44E8A5F8A688E798EA4
:1098F000CE0144960E94AF15882389F2C414D50482
:10990000E604F70461F267EC77E08EEE92E30E94E2
:10991000DB0FBE016D5D7F4F8EEE92E30E94C21E93
:10992000B2E0AB16B10489F48DA19EA1AFA1B8A598
:1099300080939F339093A033A093A133B093A2332D
:109940008EEE92E30E94E71EAACF69EA77E08EEEE0
:1099500092E30E942A1F8091012890910228029789
:1099600061F169E178E08EEE92E30E942A1F809116
:109970000D35883020F481E095E30E94F023ABA9F7
:10998000BCA9ED91FC911197008CF18DE02DCD01DA
:109990000995882351F0ABA9BCA9ED91FC911197D1
:1099A0000488F589E02DCD010995EBA9FCA93F9626
:1099B000EBABFCAB8E169F0611F782E090E0809334
:1099C000012890930228B5CE0F931F93CF93DF9376
:1099D0008230910510F482E090E0E0911536F0912C
:1099E000163630E020E0B0E0A0E0309799F4211581
:1099F000310509F44AC0281B390B24303105D8F54C
:109A00008A819B816115710589F1FB0182839383B2
:109A1000FE0111C04081518102811381481759070D
:109A2000E0F04817590799F4109761F012960C93DB
:109A3000129713961C933296CF01DF91CF911F910D
:109A40000F9108950093153610931636F4CF211513
:109A5000310551F04217530738F0A901DB019A0193
:109A6000BD01DF01F801C1CFEF01F9CF80931536B9
:109A700090931636CDCFFE01E20FF31F81939193A1
:109A80002250310928833983D7CF20911336309162
:109A90001436232B41F42091162830911728209357
:109AA000133630931436209114283091152821153F
:109AB000310541F42DB73EB740911828509119282F
:109AC000241B350BE0911336F0911436E217F3079F
:109AD000A0F42E1B3F0B2817390778F0AC014E5F1E
:109AE0005F4F2417350748F04E0F5F1F4093133622
:109AF00050931436819391939FCFF0E0E0E09CCF98
:109B0000CF93DF930097E9F0FC0132971282138222
:109B1000A0911536B0911636ED0130E020E0109797
:109B2000A1F420813181820F931F2091133630914F
:109B300014362817390709F061C0E0931336F09303
:109B40001436DF91CF910895EA01CE17DF07E8F5CB
:109B50004A815B819E0141155105B1F7E901EA8314
:109B6000FB8349915991C40FD51FEC17FD0761F490
:109B7000808191810296840F951FE90188839983E2
:109B8000828193818A839B83F0E0E0E012968D913D
:109B90009C9113970097B9F52D913C911197CD01A8
:109BA0000296820F931F2091133630911436281796
:109BB000390739F6309751F510921536109216364E
:109BC000A0931336B0931436BCCFC283D3834081A5
:109BD0005181840F951FC817D90761F44E5F5F4FFD
:109BE00088819981480F591F408351838A819B81C5
:109BF000828393832115310509F0B0CFE0931536A8
:109C0000F09316369ECFFD01DC01C0CF1282138285
:109C1000D7CF8F929F92AF92BF92CF92DF92EF9267
:109C2000FF92CF93DF93EC01688179818A819B81D8
:109C3000611571058105910521F464E279ED8BE5EB
:109C400097E02DE133EF41E050E00E94FF514901E0
:109C50005A019B01AC01A7EAB1E40E941E526B01BC
:109C60007C01ACEEB4EFA50194010E942C52C60E0B
:109C7000D71EE81EF91EF7FE06C081E0C81AD108FB
:109C8000E10880E8F80AC882D982EA82FB82C7012B
:109C9000B6019F77DF91CF91FF90EF90DF90CF904B
:109CA000BF90AF909F908F9008958F929F92AF92A8
:109CB000BF92CF92DF92EF92FF9260911A2870913B
:109CC0001B2880911C2890911D2861157105810524
:109CD000910521F464E279ED8BE597E02DE133EF16
:109CE00041E050E00E94FF5149015A019B01AC0143
:109CF000A7EAB1E40E941E526B017C01ACEEB4EF06
:109D0000A50194010E942C52C60ED71EE81EF91E12
:109D1000F7FE06C081E0C81AD108E10880E8F80A19
:109D2000C0921A28D0921B28E0921C28F0921D287D
:109D3000C701B6019F77FF90EF90DF90CF90BF9063
:109D4000AF909F908F90089560931A2870931B286E
:109D500080931C2890931D280895FC01882799273B
:109D6000E89421912032E9F3293010F02E30C8F325
:109D70002B3241F02D3239F4689404C00E94544FC4
:109D8000820F911D219120532A30C0F31EF490952B
:109D900081959F4F08951F93FC0199278827BC0147
:109DA000E89411911032E9F3193010F01E30C8F325
:109DB0001B3251F01D3249F4689406C00E943F4F97
:109DC000610F711D811D911D119110531A30B0F357
:109DD0003EF490958095709561957F4F8F4F9F4F82
:109DE0001F91089591110C943651803219F08950C9
:109DF0008550C8F70895DC01FB014150504058F0F0
:109E000049F005900D920020C1F7E61BF70B319742
:109E1000CF0108951C9205900020E9F7F6CFFC01D0
:109E200005900020E9F7809590958E0F9F1F08956B
:109E3000FA01A191B081009719F41097E1F0CD01DA
:109E4000DC01CD010D90002011F4C00113C0FB0115
:109E50002191222319F02015D9F7F3CFFB0121918D
:109E6000201519F41E92119606C02223C1F70D90F9
:109E70000020A1F7D001FA01A193B0830895592FD2
:109E8000482F372F262F660F771F881F991F660FC1
:109E9000771F881F991F620F731F841F951F660FFE
:109EA000771F881F991F08957AE0979F902D879FAD
:109EB000802D910D11240895ABE0B0E0E2E6FFE4BF
:109EC0000C9431527C013B018A01FC0116821782FD
:109ED000838181FFC8C1CE0101965C01F7019381A6
:109EE000F30193FD859193FF81913F01882309F44C
:109EF00053C1853239F493FD859193FF81913F01E0
:109F0000853229F4B70190E00E944F51E7CF912CA0
:109F1000212C312CFFE1F31538F08B3211F190F444
:109F2000803209F1833229F137FC3CC020ED280F43
:109F30002A3050F536FE20C08AE0989E200D11246C
:109F4000922E06C08D3291F0803371F7689430F80C
:109F5000F30193FD859193FF81913F018111DACF48
:109F600021C0689431F8689432F8F2CF689433F8DD
:109F7000EFCF689434F8ECCFEAE02E9E200D112448
:109F8000222E689435F8E4CF8E3229F436FC04C1D1
:109F9000689436F8DDCF8C3619F4689437F8D8CF4A
:109FA0008836B1F2982F9F7D95549330E0F0833638
:109FB000A1F18337C1F1833509F063C02801F2E0D4
:109FC0004F0E511CF801C080D180692D70E036FC25
:109FD00002C06FEF7FEFC6010E9439514C016894B7
:109FE00037F882010AC00C5F1F4FFFE3F983882412
:109FF0008394912C6501E89437F833FE2DC0522CE0
:10A000008114910471F5552009F468CFB70180E2FD
:10A0100090E00E944F515A94F6CFF80180818983D5
:10A020000E5F1F4FE4CF2801F2E04F0E511CF801E4
:10A03000C080D180692D70E036FC02C06FEF7FEFE9
:10A04000C6010E9444514C018201D5CFB70180E284
:10A0500090E00E944F512A942814190409F0B0F797
:10A06000CECFF60137FC859137FE81916F01B701A4
:10A0700090E00E944F5151105A94F1E08F1A9108CC
:10A08000BFCF843619F0893609F077C0F80137FE62
:10A090006BC060817181828193810C5F1F4FF32DB2
:10A0A000FF763F2E97FF09C090958095709561953A
:10A0B0007F4F8F4F9F4F689437F82AE030E0A5011B
:10A0C0000E947F51C82ECA188C2C432C36FE0CC01F
:10A0D000E89440F8C91440F434FE05C032FC03C0D3
:10A0E000F32DFE7E4F2E892C44FE95C0FE01EC0D13
:10A0F000F11D8081803309F087C0242D297E422EF6
:10A10000842D8870582E43FC95C040FE8FC09C2C37
:10A11000821418F42C0C922C981844FE91C0B701AC
:10A1200080E390E00E944F5142FE09C088E790E032
:10A1300041FE02C088E590E0B7010E944F51C9146A
:10A1400008F48AC0CA94D12C9FEFC91AD90ACA0C44
:10A15000DB1CF60182916F01B70190E00E944F5124
:10A16000AC14BD04B1F74FCF60817181072E000C94
:10A17000880B990B0E5F1F4F92CFD32CE894D4F825
:10A180002AE030E0853739F1232D297FD22E8F3612
:10A1900001F148F48835A9F0F701868197812B9663
:10A1A000E2E10C944A52803749F08837A9F7D4FE8F
:10A1B00002C06894D2F820E130E00DC06894D4F871
:10A1C000F6CF34FE03C0822F8660D82E20E132E025
:10A1D00002C028E030E0F801D7FE0FC06081718135
:10A1E000828193810C5F1F4FA5010E947F51C82E71
:10A1F000CA183D2CE89437F867CF6081718190E0F0
:10A2000080E00E5F1F4FF0CF42FC02C0839478CFF6
:10A210008394839475CF842D867809F471CFF6CF1B
:10A22000B70180E290E00E944F5183948214C0F302
:10A23000512C73CF522C5818821408F46ECFF8CFDB
:10A24000842D867809F47BCF8BE241FE80E247FCC7
:10A250008DE2B70190E071CFB70180E390E00E94FA
:10A260004F519A946CCF8FEF9FEF99CF9927882702
:10A270000895FC010590615070400110D8F7809559
:10A2800090958E0F9F1F0895FC01615070400190C2
:10A290000110D8F7809590958E0F9F1F08950F930A
:10A2A0001F93CF93DF93182F092FEB018B8181FD33
:10A2B00009C01FEF0FEF812F902FDF91CF911F91DA
:10A2C0000F91089582FF14C02E813F818C819D8162
:10A2D000281739073CF4E881F981CF01019688837A
:10A2E000998310838E819F8101968E839F83E3CF14
:10A2F000E885F985812F0995892BA1F3DACFFA0139
:10A30000AA27283051F1203181F1E8946F936E7FB4
:10A310006E5F7F4F8F4F9F4FAF4FB1E03ED0B4E0A5
:10A320003CD0670F781F891F9A1FA11D680F791FE6
:10A330008A1F911DA11D6A0F711D811D911DA11DF7
:10A3400020D009F468943F912AE0269F1124301907
:10A35000305D3193DEF6CF010895462F4770405DA2
:10A360004193B3E00FD0C9F7F6CF462F4F70405D51
:10A370004A3318F0495D31FD4052419302D0A9F7AC
:10A38000EACFB4E0A6959795879577956795BA95A6
:10A39000C9F700976105710508959B01AC010A2E6C
:10A3A00006945795479537952795BA95C9F7620F43
:10A3B000731F841F951FA01D0895A1E21A2EAA1BCA
:10A3C000BB1BFD010DC0AA1FBB1FEE1FFF1FA21765
:10A3D000B307E407F50720F0A21BB30BE40BF50B62
:10A3E000661F771F881F991F1A9469F760957095EB
:10A3F000809590959B01AC01BD01CF010895052E7C
:10A4000097FB1EF400940E94165257FD07D00E943D
:10A41000DD5107FC03D04EF40C9416525095409534
:10A42000309521953F4F4F4F5F4F08959095809500
:10A43000709561957F4F8F4F9F4F08950E94625294
:10A44000A59F900DB49F900DA49F800D911D112488
:10A450000895B7FF0C941E520E941E52821B930B4C
:10A4600008952F923F924F925F926F927F928F92B8
:10A470009F92AF92BF92CF92DF92EF92FF920F9393
:10A480001F93CF93DF93CDB7DEB7CA1BDB0BCDBFD6
:10A49000DEBF09942A88398848885F846E847D8469
:10A4A0008C849B84AA84B984C884DF80EE80FD807C
:10A4B0000C811B81AA81B981CE0FD11DCDBFDEBF1A
:10A4C000ED010895A29FB001B39FC001A39F700D3D
:10A4D000811D1124911DB29F700D811D1124911DAC
:10A4E0000895692796276927782787277827089569
:10A4F00097FD1094002E083098F00850232F342F29
:10A50000452F562F672F782F892F912DF4CF159433
:10A51000979587957795679557954795379527959B
:10A520000A95AAF71124002D08950024A7FD009490
:10A530002A17300540055005600570058005900517
:10A540000895EE0FFF1F0590F491E02D0994B0E0FF
:10A55000A0E0EDEAF2E50C9433528C01009751F43F
:10A56000CB010E94E44C8C01C801CDB7DEB7E0E11D
:10A570000C944C52FC01E60FF71F9C01225031094C
:10A58000E217F30708F49DC0D901CD91DC91119732
:10A59000C617D70798F0C530D10530F3CE01049720
:10A5A0008617970708F3C61BD70B2297C193D19341
:10A5B0006D937C93CF010E94804DD6CF5B01AC1A86
:10A5C000BD0A4C018C0E9D1EA0911536B091163619
:10A5D000512C412CF12CE12C109731F58091133640
:10A5E000909114368815990509F05CC046165706F7
:10A5F00008F058C08091142890911528009741F4D4
:10A600008DB79EB74091182850911928841B950B3F
:10A61000E817F90708F055C0E0931336F0931436A5
:10A62000F90160837183A0CF8D919C91119712964F
:10A630006C90129713967C901397A815B90559F54D
:10A640006C0142E0C40ED11CCA14DB0420F1AC0141
:10A650004A195B09DA011296159780F062827382BB
:10A6600040835183D9016D937C93E114F10471F01F
:10A67000D7011296ED93FC93139776CF22968C0F09
:10A680009D1FF90180839183F301EFCFE09315368D
:10A69000F093163669CF4816590608F42C017D014F
:10A6A000D3019ACFCB010E94E44C7C01009749F082
:10A6B000AE01B8010E948253C8010E94804D8701FB
:10A6C00053CF10E000E050CF803209F091110C948C
:10A6D000365180528F55D8F70895911108958154BD
:10A6E0008A5108F4805E855A0895FB01DC0104C09C
:10A6F0008D910190801921F441505040C8F7881B7A
:10A70000990B0895FB01DC0102C001900D924150AC
:10A710005040D8F70895DC0101C06D93415050407E
:10A72000E0F70895FB01DC018D9181341CF08B353D
:10A730000CF4805E619161341CF06B350CF4605E4A
:10A74000861B611189F3990B0895FC01819186178D
:10A7500021F08823D9F7992708953197CF010895DB
:10A76000FB01DC018D91019080190110D9F3990B47
:10A770000895FB01DC0101900D920020E1F708959E
:10A78000FB01DC014150504030F08D910190801967
:10A7900019F40020B9F7881B990B0895AEE0B0E0DA
:10A7A000E4EDF3E50C943F520D891E8986E08C831D
:10A7B00009831A838FEF9FE78D839E83AE01475EE7
:10A7C0005F4F6F89788DCE0101960E945C4F2F817B
:10A7D0003885020F131FF80110822E96E4E00C94C6
:10A7E0005852AEE0B0E0E7EFF3E50C94415285E05B
:10A7F0008C838B899C8989839A83AE01495E5F4FE4
:10A800006D897E89CE0101960E9495552E96E2E0D3
:10A810000C945A5220FD09C0FC0123FD05C022FF03
:10A8200002C07383628351834083089544FD17C03F
:10A8300046FD1DC0DB01FC01AA0FBB1FEE1FFF1F61
:10A840001094D1F76A0F7B1F8E1F9F1F660F771F13
:10A85000881F991F620F711D811D911D089533E09E
:10A86000660F771F881F991F3150D1F7F3CF34E05F
:10A87000F7CF0F931F93CF93DF938C01C8010E94F2
:10A88000A556EC0197FD08C00E94F24E892BB1F746
:10A89000B801CE010E94E156CE01DF91CF911F9108
:10A8A0000F9108958F929F92AF92BF92EF92FF9275
:10A8B0000F931F93CF93DF938C01D62F7A01B22E83
:10A8C0000E94A5569C0133272B32310529F02D32E9
:10A8D0003105A9F46894B7F8D15061F480E0DF91B4
:10A8E000CF911F910F91FF90EF90BF90AF909F90ED
:10A8F0008F900895C8010E94A55697FDEFCFCB2DEC
:10A90000CD7F2B2D2073F9F48033E9F4AA24AA9487
:10A91000AD0E89F0C8010E94A55697FD0CC0282FE6
:10A920002F7D283561F4C264D25029F0C8010E94FD
:10A93000A55697FF08C0812C912C54011BC0B6FE70
:10A940002BC0C260DA2D812C912C540120ED280FF0
:10A95000283028F1C4FD09C02A3008F1C6FF05C01F
:10A960002F7D3FEE320F3630C8F0B8010E94E1561D
:10A97000C1FFB4CFC7FF08C0B094A0949094809456
:10A98000811C911CA11CB11C2C2FB501A401C70175
:10A990000E940A5481E0A3CFC261D4CF27504C2F2C
:10A9A000C501B4010E9416544B015C01C260D15034
:10A9B00009F3C8010E94A55697FFC8CFD9CFA0E2DE
:10A9C000B0E0E5EEF4E50C9436525C01962E7A0187
:10A9D000CE0101966C0180E2F60111928A95E9F7A9
:10A9E000F501B381890130E020E0712C812CA0E0D9
:10A9F00041E050E0F801B3FD8591B3FF8191982FBC
:10AA00008F01811107C010E000E0C801A096EDE0C1
:10AA10000C944F528E3519F42115310541F1A217CE
:10AA200013064CF48D3549F18D3229F4811006C09E
:10AA3000882483941DC0882009F464C0E92FE6951A
:10AA4000E695E695EC0DFD2DF11D892F8770BA0175
:10AA500001C0660F8A95EAF78081682B60837916BA
:10AA600051F0971510F49F5FE9CF9150E7CFA1E027
:10AA70002F5F3F4FBFCF812CFBCF882019F08E81F5
:10AA800080628E83AA2359F0F6019E012F5D3F4F0D
:10AA90008081809580833196E217F307C9F7882477
:10AAA0008394C5010E94A55697FD16C0E82FE69530
:10AAB000E695E695EC0DFD2DF11D208130E0AC0111
:10AAC0004770552702C0359527954A95E2F720FD36
:10AAD00006C0B5010E94E156882069F094CFE114C8
:10AAE000F10429F0F7018083C70101967C019A9453
:10AAF000812C9110D6CFE114F10409F486CFF7012F
:10AB0000108283CFE82FE695E695E695EC0DFD2DB6
:10AB1000F11D982F9770BA0101C0660F9A95EAF758
:10AB20009081692B6083782EA3CFB0E0A0E0EBE9A1
:10AB3000F5E50C9434526C01EB015A01FC011682CC
:10AB40001782512CF601E380FE01E3FC8591E3FEC0
:10AB50008191182FEF018823E9F090E00E94F24ED6
:10AB6000892B21F0C6010E943954ECCF153241F4F3
:10AB7000FE01E3FC1591E3FE1191EF01153269F43A
:10AB8000C6010E94A55697FD8EC01817D9F2B601CE
:10AB90000E94E156852D90E08AC000E01A3231F41F
:10ABA000E3FC1591E3FE1191EF0101E0F12C20EDA2
:10ABB000210F2A3048F101FF37C0FF2059F3183622
:10ABC000B1F11C3609F43DC0112321F3612F70E06F
:10ABD00080EA92E00E949A56892BE1F2912C812C16
:10ABE00000FD06C0F50180809180C50102965C01E0
:10ABF0001E3679F5F6014681578170E060E0202F1E
:10AC0000C4010E940A549ECF02606F2D70E090E054
:10AC100080E040E20E941654F62EFE01E3FC1591FE
:10AC2000E3FE1191EF01C3CFFF24FA94C8CFFE01D8
:10AC3000E3FC1591E3FE1191EF01183609F0C4CF42
:10AC400008600460FE01E3FC1591E3FE1191EF0141
:10AC5000BBCF1336C1F401FD02C0FF24F394C6013B
:10AC60000E94A55697FD1FC08114910429F0F4019C
:10AC70008083C40101964C01FA94F110F0CF00FDDD
:10AC800061CF53945FCF1B35B9F49E01A4016F2DA2
:10AC9000C6010E94DF54EC01892B89F7F6018381FC
:10ACA000807309F477CF8FEF9FEF511073CFCDB73B
:10ACB000DEB7EFE00C944D52C6010E94395497FD67
:10ACC000F2CF1F36A9F130F4143641F0193639F0BD
:10ACD000006405C01337B9F01537D1F70062202F93
:10ACE000A4016F2DC6010E9452548111C8CFD6CF46
:10ACF0008114910429F0F4016082C40101964C0191
:10AD0000FA94FF2071F0C6010E94A5563C0197FD00
:10AD100008C00E94F24E892B59F3B601C3010E946C
:10AD2000E1568114910409F4AACFF4011082A7CF4F
:10AD30000061D5CFFC010590061621F00020D9F75F
:10AD4000C00108953197CF010895CF93DF93EC01AF
:10AD50002B8120FF1AC026FF0CC02F7B2B838E81F6
:10AD60009F8101968E839F838A8190E0DF91CF91AE
:10AD7000089522FF18C0E881F9818081082E000C17
:10AD8000990B009729F420622B838FEF9FEFEECF72
:10AD90003196E883F9832E813F812F5F3F4F2E83C9
:10ADA0003F839927E3CFEA85FB85099597FFF3CF8A
:10ADB0002B81019621F080E2822B8B83E6CF80E10C
:10ADC000FBCFFB01238120FF11C026FD0FC08F3F69
:10ADD000980771F082832F7D206423832681378139
:10ADE0002150310926833783992708958FEF9FEFEC
:10ADF00008951BE0CEECDBE004C0FE010E94A152EE
:0CAE00002196CF3CD107C9F7F894FFCF92
:10AE0C0001005E000000000000005F173617A0155F
:10AE1C009C15A015A015A015000000000000000056
:10AE2C00000000000005010101010101000000000B
:10AE3C000000000000000000000000000000020301
:10AE4C0000000102030405060700010203040500CB
:10AE5C0001020304050607000102030405060700AE
:10AE6C0001020300010203040506000000000000BB
:10AE7C0000000101010101010202020202020202B0
:10AE8C00030303030303030304040404050505057A
:10AE9C000505050102040810204080010204081079
:10AEAC0020010204081020408001020408102040F8
:10AEBC008001020408010204081020400000000078
:10AECC00C5136F1312133013000000008D11FF0F08
:10AEDC002C10E3115D103B104F1025111A1159194C
:10AEEC008C107310361200000000F712D212A0154D
:10AEFC00B90D7D0FBF12B012000000001C153C27CD
:10AF0C00A015B90DB50D6C2A6E20842BF722451CAB
:10AF1C00B433292402314D2A7E17690F790F662527
:10AF2C007A170000000032157528A0152117A22BE6
:10AF3C0024230000000020176219271DB91C2217BA
:10AF4C00771D3612211700000000531521279F266C
:10AF5C0082263529962A7D20E12B2134C32AF02321
:10AF6C00CE23610FBF176419BC17BA174815B01759
:10AF7C00A72CBA2F772CAC17000000007C1E000009
:10AF8C0000006A35FF0FA01597263E29B02A22290A
:10AF9C0045746865726E657432475049422047614A
:10AFAC0074657761792076322E33202841523438FB
:10AFBC00382076302E35332E3339290A000D0A000D
:10AFCC002F002A49444E3F002A525354002A4F5016
:10AFDC00433F002A434C53003A53595354656D3A3E
:10AFEC004552526F723F002F636E78002F666E646D
:10AFFC0000677069622C002F6578002F65782564D6
:10B00C002F25642F256E0057495A6E6574004279BE
:10B01C0074657320726561642E004D414320416458
:10B02C00647265737320726561642E00253032582A
:0DB03C002000696E737425640047455400C0
:10B049000A030000C0D80231E239B50232C238AC75
:0EB05900023F000000001736800001000000DA
:0400000300000200F7
:00000001FF
